Date,SPY,QQQ,IWM,TLT,IEF,GLD,DBC,UUP
2020-01-01,99.93151168018993,99.72389898600768,100.1597617510249,101.28836180876708,98.67228550381027,99.47526354905577,99.77880955388643,99.95832693516749
2020-01-02,99.59482766017469,97.61998885859107,100.13759391534332,103.12396695689543,98.14398699688542,100.00144972495902,99.21622235230556,99.79923968571038
2020-01-03,98.58105286836751,97.03335688945972,101.56663137406932,103.73704654691909,99.18589881705466,101.64607025565448,100.44631376457258,100.75789488419838
2020-01-06,99.04832053115774,98.12388580844815,101.51695608881374,103.5927473714904,98.67606848258092,102.50065308536249,99.26591281007181,101.09167736523044
2020-01-07,98.8941506783916,99.47440825003304,102.8061801343013,104.88356962546901,98.97194144720535,102.26459734098032,100.47195318388633,101.23437213591882
2020-01-08,98.41621492660944,101.16293496617605,103.93978311771363,104.00736694598076,98.2202525691462,101.99171059169225,98.87403215475608,100.85898085712735
2020-01-09,98.75772866748092,102.65837297994156,105.20250239887181,101.62968112021392,98.0518459569251,101.73439193350926,98.91212581322887,101.34755495584658
2020-01-10,96.75468559454072,101.48275991738981,105.33545122360302,100.78247835967511,99.1138252208745,101.55885775780571,99.18635643544552,100.79309757796568
2020-01-13,97.57590462788531,103.00151510376566,106.20668171899455,100.57162257567272,99.0062557000765,101.37195143684212,99.66576124735845,101.05111946438676
2020-01-14,97.98415641298575,104.353475449171,105.085381310204,100.37018454776965,99.75581565935398,101.26365404794286,99.4402306686155,101.47542067506046
2020-01-15,98.84581498718529,104.62592838446096,107.26747718681968,100.70059930520677,100.00277525811143,102.65789440397648,102.87181791805577,101.69404238426063
2020-01-16,96.90001209418901,106.14338740419225,106.4380047687406,101.03038744974164,100.89591340946036,101.52581179169353,101.8418329981472,101.28903781828302
2020-01-17,96.164408552584,106.53751121500189,107.10551008410634,101.29096956564234,100.13336996584331,99.20131295335639,101.4359354871917,101.0318771510967
2020-01-20,96.63983192680617,107.58219516215976,107.65826389883595,101.68892118757545,100.13217353316757,100.20202562821395,101.39884658059995,101.243193182986
2020-01-21,96.86382005214398,108.7193037668906,107.38926810217015,102.00683271737951,99.92484042445939,100.32783539630434,102.51569452277785,100.47614343336323
2020-01-22,95.6419091383639,106.53530565208007,103.28898275987876,102.38245976583298,100.93798646586319,99.28093282699362,101.72189188465302,100.52656680353567
2020-01-23,96.94520880574048,106.83611361746877,105.58892908523252,101.96368513304645,100.14553000518298,99.01179916966574,100.46224642330365,100.37357607479582
2020-01-24,96.63205942946938,107.80180067113174,108.17676771821496,100.45266597063085,100.09044619524738,98.11882026957149,100.89245464023642,100.33144101543279
2020-01-27,94.8966377599183,108.55321513390601,107.00985601715884,100.35037760566871,99.70333434691567,96.80558734736856,100.36021409358165,99.8647823702843
2020-01-28,95.24174092883932,109.1496179270622,109.15112436117977,99.7255993869995,98.64730579270898,97.44243950071619,99.74335686485922,100.16194824221832
2020-01-29,95.6402107576496,109.13087121907597,109.7941277541943,101.24919028049094,99.8014028406219,98.86108436157299,101.57279729356337,101.29222811291068
2020-01-30,94.86489243298487,109.38585642422112,109.62326720648043,101.66028175399504,99.44823219725313,97.2835806920829,99.0976511437769,100.87945389750834
2020-01-31,94.46297311210118,108.93758914118101,112.32515588212254,102.46606621711642,98.87506753473468,97.77679049284147,98.9431644191909,100.86524241246238
2020-02-03,94.67109935859952,109.828123551872,112.0719619466303,103.28402696810024,98.2314184120635,97.8879279616989,101.66786100378557,100.87290481619912
2020-02-04,96.06107485136583,110.37350440368535,113.47032990682789,102.80166952885597,97.86246071502873,97.56316325960468,102.48885001092201,100.69363268127118
2020-02-05,96.73406487930258,112.00788520550596,114.57124790308728,102.14805812127162,97.84078893737464,97.71908926859598,103.96487400088783,100.10138192664809
2020-02-06,96.44327499047144,109.34629301063812,111.67119648971422,104.01297874803606,98.83231813386745,97.26296069852727,102.53965657618147,99.04805246286888
2020-02-07,95.9528650073594,112.36466394227335,112.82070387043699,103.13035203799011,98.81568236489488,96.29233986758862,102.5904642279093,99.33743153375451
2020-02-10,95.90383242659168,113.436769662814,113.56851093710247,103.53292033034613,98.35481078405282,97.19950907069259,104.51885570650963,98.89358503625868
2020-02-11,95.08606418815938,115.02773080991476,113.38456702590176,104.74408560902606,98.16870238250846,98.73998331440006,105.1254001400102,99.08904030567021
2020-02-12,96.60717383698818,115.0221846692399,112.38963792509477,104.2149399603094,98.3137415805416,97.56316187379903,105.93272941823425,98.97440424932921
2020-02-13,97.74985627474352,112.15285237080026,110.98494819440951,103.06981727976931,97.99779775932052,96.7287729257425,104.38581047273362,98.33444292562797
2020-02-14,97.62846566365306,112.42867048168405,109.51756310130783,103.8501340290371,98.4979897088708,97.34585403692306,105.36662049526926,98.55618762189154
2020-02-17,99.64944746062748,112.91325590426477,109.70874771545587,102.79570019869406,97.64931157639248,96.13010800772315,104.13861608057053,98.5328517520649
2020-02-18,100.01744818223605,113.12255344906674,108.73221454167083,103.61622976010743,98.11885557379793,96.48869916396646,104.07572259157129,99.0433320375912
2020-02-19,100.24046076856321,111.29841804319132,108.37298279142829,104.09677217660047,97.79943505862468,96.27479380681886,102.06310803799244,99.46277851076452
2020-02-20,101.52649637049225,111.35140627189313,109.26519392664666,101.7032736838056,96.8876100355784,95.19336552927524,99.87201437744696,99.38719078123744
2020-02-21,103.58981684791209,110.39483026747274,108.38839815064831,101.80904378349803,97.7074889960108,94.85608699863083,100.9085965009048,100.52093927436503
2020-02-24,101.9150181519144,108.34408463685618,106.99202023860639,102.06024375489433,98.57391007957672,94.56916840175744,98.48031210288877,100.55509886958676
2020-02-25,101.36208925208533,109.86613411850101,106.26535344376711,101.51937498633043,98.84761240938141,95.15553589549295,98.905864906999,99.77028633341133
2020-02-26,101.942929205212,108.72136701449695,106.55482552201055,100.35185495912195,99.06256633516276,94.17752995899626,97.19006945096473,99.99520253629602
2020-02-27,102.22494885726476,108.04849908920195,108.61139283627426,99.82403614631934,98.95938638079257,94.41732840732209,96.6113166208107,100.21707732943115
2020-02-28,101.71540592763716,107.435848315094,110.39211911992113,98.94809863988961,97.58359535221763,94.70738372869741,97.90552065292003,99.30017101268722
2020-03-02,99.78094265950304,106.59259056622155,109.33188911616038,99.33220944930692,97.32812997401493,94.35064008948103,97.41203804939485,98.19158236127595
2020-03-03,100.51353142819592,109.39199257501448,110.35702766487292,98.50412326863123,96.88089721959399,95.17916759312916,96.12932402347253,98.48523807926071
2020-03-04,100.15624186340222,111.71534669673389,110.48674605182786,99.66883413226724,96.21709523710464,96.05776791877322,96.93719208577582,98.28844810275031
2020-03-05,100.36896991852309,113.40582443590064,110.40823190238163,98.05467056048586,96.00979687191146,94.98058925854778,96.16189705852601,98.13641448962187
2020-03-06,98.69215264241477,110.8383439575783,110.23716203599878,98.22913616767615,95.0128652826013,94.20371741998851,94.7260465753515,97.05973994525299
2020-03-09,97.4270861640967,111.62714367177571,110.60632006627912,100.28613931881726,95.39522781683092,95.31369438925358,95.53401301642633,97.78549487165924
2020-03-10,98.07018824637427,113.48768150243114,110.38077979520587,99.6399550678268,94.94649478378466,95.9327655015224,96.96984970785194,97.46941738369497
2020-03-11,97.68793620950453,113.84214035479026,110.0060015150782,100.52021563461138,93.85039909910432,94.85412832291931,95.68572092216908,96.39766253557056
2020-03-12,96.78076800767346,112.40514159181927,109.22381416716527,101.88563353674316,94.03473775568789,93.96983978241543,95.53634436722969,96.83711649623096
2020-03-13,95.36879568115678,110.32168029843848,109.65136420589785,102.01862756737978,94.79334131322457,93.76697332602978,96.54381595628048,96.13421559329059
2020-03-16,95.35627663341855,109.92447213123427,106.99454378051266,100.39245085724289,95.44077595936379,92.52265455199344,93.67907224186371,95.85594623942967
2020-03-17,96.9745004271143,106.16462237916416,103.58627469839614,99.8129263409815,96.90948407565743,92.60707352269935,94.64692116887775,95.02980904618535
2020-03-18,95.35085185466873,106.5470917576663,103.39053594690586,100.67213802821291,96.9278121902113,92.98827255414992,94.95475689752043,95.44068743125665
2020-03-19,96.50985388143596,103.95931491412682,98.68793890422212,102.53306493705765,98.38254651429885,92.11223586929556,92.29479493616421,95.90575532914652
2020-03-20,97.862205966078,107.39585142879389,100.61927084315326,101.11807272027595,96.99587520505389,92.41186645488561,92.15765049988708,95.48753446425037
2020-03-23,100.87453679227826,111.33196236508931,104.23914075293467,98.54623011264715,96.67568724894521,94.5825298690952,94.64626885102355,96.6755601831343
2020-03-24,101.84097254572322,112.93918809214381,106.03878411864773,98.3802679618243,94.87214253744368,94.58249402747246,93.53117080775476,95.94714571744062
2020-03-25,104.41523348123131,116.83189159907126,110.13578219569628,97.36058537395425,95.0781722888163,96.73727831955247,96.62650304847038,96.22152288073723
2020-03-26,105.04223365003382,117.10125808076968,107.56031636100039,97.40942339090826,95.08956620567689,99.05825338582187,98.066554688946,95.97489084193904
2020-03-27,105.43948357859443,117.28069253088206,107.26117744351214,96.05385286412903,94.85383423920712,97.41217412782102,95.02411626841115,96.17132882274754
2020-03-30,106.06357701747258,113.94053082491106,106.54887779371649,97.53701600686729,95.98018647512353,99.58821445973686,96.06696504137022,95.93196856583329
2020-03-31,104.34476472367781,114.16902157766799,106.987760300694,99.19332470131677,97.0383812204676,100.54979030882154,95.28735473218029,96.31154034711015
2020-04-01,104.6899862006132,113.86334294810239,105.81548921877979,99.57380542838476,96.7019150136539,99.45002822096465,95.58820701343606,96.03874291619911
2020-04-02,105.07855016829262,114.47030152264688,103.68360604539694,99.06248872307211,97.88339428116055,98.2039211244086,92.31709044662198,95.3963311327885
2020-04-03,105.12968658346855,114.53485689175342,103.47053169366218,100.4916255657018,95.76075357163182,98.1015469514804,94.20694159271771,94.37799852281682
2020-04-06,104.53600867512827,112.94489371152136,101.27089549321333,100.58617162483434,97.21049020169173,100.74182987771509,93.74775819446754,95.34762614790803
2020-04-07,104.5970208470551,116.25207644968624,101.68277768206482,100.25177931979093,97.18900599968826,106.12657929680489,96.28058019000851,94.99001498063603
2020-04-08,106.1225658148244,115.9286298374148,100.9945247727009,101.2093567463131,97.17783564939735,107.27764734471023,97.1739464603318,95.42976764845942
2020-04-09,106.80434935264944,112.3501121467781,101.82804994818488,100.2006265272974,96.07922177257439,105.58666560183994,95.4533540190486,94.46285299474926
2020-04-10,108.14105748854381,110.15024229633721,100.91950919458179,99.63424244733365,96.1046801676016,105.4885677643697,93.07364917555893,94.72438941488957
2020-04-13,108.24866173355676,106.69713473635926,96.50219538989157,100.50198223080152,96.52002006726411,104.2349056916238,91.77585170664418,94.45817996411749
2020-04-14,109.79280196688286,105.06091759910423,94.33254510697759,99.38839375482075,96.83302450661049,105.3879547383934,90.27573797606888,92.76888188076688
2020-04-15,106.99199794007197,102.9892127788254,92.41636757161977,99.75698483080824,97.42289037787158,103.7515962511427,90.73967903731459,91.93896111288133
2020-04-16,105.61343002785233,103.50359545239078,89.50001105180804,100.68875006054898,97.84670178463281,103.32094429657323,93.17737655471583,91.44002375113477
2020-04-17,108.88263968135435,103.83481756590052,87.96335107519137,100.41307672030095,96.73300095591784,102.06544303405234,93.6835379010525,91.71404590066669
2020-04-20,107.87193438234166,105.3177224114202,89.99542486523904,101.80204564640638,97.01620804994587,105.55179946564192,92.22955386987911,92.13443164708957
2020-04-21,106.47444426583046,105.21114865306987,88.72468194982147,101.94688687726628,98.76554181489361,105.85883842906563,93.57699444229006,92.20265343076385
2020-04-22,106.60069100238634,105.24351603434347,89.52186897742808,103.21924708382255,100.0914611587148,108.11552305481014,96.65996869531051,92.17221312280114
2020-04-23,106.4655051447104,106.85512974171274,91.26321059671625,103.01883774554,100.53821722000147,110.02128460484921,100.15892087745297,92.62252942935379
2020-04-24,105.9027841232498,107.31830178773632,86.06573106655979,104.16435908795407,97.9553218240247,104.71402095939143,97.90365574307312,92.07545022844852
2020-04-27,104.06151167674568,105.61586740462732,87.74452535039727,103.78810863473295,99.91615702333128,105.41051350122427,99.49784879954815,93.17365875041355
2020-04-28,104.27123805131708,103.8943192702912,87.31723850596573,103.96447128788307,98.9266782802454,104.02885146324562,96.91089740673961,93.38568629386343
2020-04-29,104.33058698487592,103.4119672245245,87.06953780847168,104.29980355663047,99.4905861498283,102.95237408939255,95.51461086855149,94.2834297989654
2020-04-30,103.69051297289072,100.82132881953511,87.26967139643614,105.27609535119149,98.51102676189693,102.34404122548213,95.69459021238973,94.07197230640291
2020-05-01,104.67865525362667,98.67468873325139,87.64823932683198,104.95172581426256,98.13851597378086,103.13786911554821,97.76831945777137,94.71670951735685
2020-05-04,106.74837501722332,98.93050807598789,88.67512991173318,105.38771513688243,97.9420027364587,104.40142070838365,100.58636041607318,95.02967887895105
2020-05-05,105.58595892141021,97.99727074843739,89.38253663070232,105.57051719578322,98.33976348431261,105.41447370517751,99.92628051128793,95.43649558748356
2020-05-06,106.1912454128562,96.10301795390083,91.64842684560443,104.76846597159388,96.84840291656653,102.80992775800637,96.75036905054597,95.23271328797763
2020-05-07,105.76034686340951,95.46955047582752,92.54459234198735,105.20387317733426,97.13210608337607,103.78310395711348,98.32471823680002,94.14120789838742
2020-05-08,105.18748785213263,91.87952839287254,91.81519824286667,105.88590305944321,98.42375449656348,105.41106622403164,98.56598076189239,93.72557919188014
2020-05-11,105.95824078875522,91.21857151464367,91.83260306253266,107.09381835750462,97.99584855376268,106.97332080891597,100.25283185458791,93.23626907844599
2020-05-12,107.51142110284151,92.57744874991275,92.58071537878286,105.50666597084026,96.86934511973696,105.84846333773304,100.88878105658519,92.61671585967565
2020-05-13,108.22236048066362,90.79572086902957,92.00222578284456,105.85562204031531,98.99114032669499,104.95727522814849,105.08886882712454,93.13097503477847
2020-05-14,108.89524186538829,91.09709460997001,92.97967148364847,105.34147450053386,99.98222935521824,105.31078564935584,108.63790194067971,93.12345887701171
2020-05-15,108.80226948747244,89.44732235250015,93.44920741036351,107.35911310245598,100.12977956375279,105.64976599440921,107.24083635749133,93.32503837309503
2020-05-18,106.20821384693511,87.59836696589663,92.98469991986423,109.79595702534598,103.03474443246236,106.34925581801468,112.1718476146486,93.98484572501745
2020-05-19,105.97256800100713,88.18013266303956,93.17105963836052,109.81685604078292,102.61332077366222,104.19305480409946,108.88517797241653,94.53985022026905
2020-05-20,105.5380271228002,87.21724458968248,92.90186300964814,111.10492339395527,102.97438187932902,103.55350632306559,111.8096239008459,95.50369275174512
2020-05-21,106.3262224211636,88.77401626412494,95.61043140599443,111.80996909969177,103.05890229616428,106.23173374411319,115.41672429355006,95.50242376348616
2020-05-22,107.44911798455254,86.97627930622922,93.98712823138538,113.88105822818918,104.06864580022845,109.4420271421811,116.22289958961696,95.13276592346895
2020-05-25,107.0669687753528,87.04864376615971,94.07149975044707,115.44111533848292,103.83326548293053,110.49631826007074,114.80038673929623,95.61079879998405
2020-05-26,107.07731447197266,85.9580351378608,93.4136479733775,115.43307089851145,103.7463405451244,112.79411317121428,113.97622276719785,95.18273623063345
2020-05-27,103.71382541661265,84.06044880005962,91.88228701812378,115.56374264952325,105.57966814889551,111.80005690220325,115.75264384758054,94.89367026488358
2020-05-28,103.77692675675026,83.94255679981579,91.8760623573474,117.93862835770577,103.63700752894944,108.35849086578106,114.21110257774936,95.00270156035926
2020-05-29,104.85636988536349,84.79678558437004,91.58951668536386,119.04042412668356,104.38623238126148,110.19195557554467,118.37655292735204,95.63959399713177
2020-06-01,103.97848618318433,85.61627632631458,91.78830059301659,118.96795461092763,105.62962906603248,107.24403707587153,116.46706181963842,95.58514964725546
2020-06-02,103.41711544084696,85.14316278990867,88.90533073144857,118.13138328104323,105.16557967254086,109.41225141530411,118.19277800711974,94.47528977578214
2020-06-03,102.85827498802323,83.4038630215528,85.16453056613948,118.92836106545414,104.87994262820652,107.71496326468797,112.50085660300384,93.62112627301933
2020-06-04,103.09273091601898,83.95058505345995,86.00398647817362,116.70242463203702,105.34546134005578,106.47703352318041,113.79979601361256,93.63298854735989
2020-06-05,100.96945129716923,83.111375158837,86.04881673140704,118.05135185433726,105.56929097019878,108.65203260362692,115.76202525346521,93.26705637779291
2020-06-08,102.11059115444195,85.99623083231747,90.11001193794954,114.84356408706667,103.77390632981245,111.10339082453447,113.73857427808092,92.57385033651822
2020-06-09,101.3710127601355,86.45170672766496,89.88015799299566,113.97925299151153,103.17561875281169,109.14258066736421,110.77079129259373,93.63186537787446
2020-06-10,101.82846651586743,87.81175409811546,89.39806832711214,113.42954184526756,102.369093684368,104.77568331891611,107.57101460298526,92.84995154308402
2020-06-11,98.39717573948711,85.3872887152241,90.53319447423655,114.18098098086567,103.98143559313124,105.29375338057206,109.02203694580948,92.25295210801434
2020-06-12,99.17542539671722,86.57154975162851,89.9296895424291,114.64639588417327,104.32079142313626,105.40971304431068,108.0065510015211,92.07634166877567
2020-06-15,99.30907259111974,87.06422596685015,88.67975399332046,114.71519997816557,104.8441492648728,106.6508187094997,111.5516892028852,92.73205718831336
2020-06-16,97.82247744526227,89.20498994269431,87.90238351336629,116.12258444763373,104.9510687789203,106.73376768705936,108.7681374471583,93.04941793130375
2020-06-17,95.53922645460129,90.16483183092605,90.20796549272632,114.85780541204792,105.07587245984409,105.46213684386905,107.26988052842601,93.50816635701344
2020-06-18,95.48877465242829,92.76117197524162,89.86606739078124,115.81463622322225,104.95940439153645,107.73425134330952,107.81961516646655,93.85297059449432
2020-06-19,95.32811631157483,91.4283317620925,90.72878992760513,116.81364425435325,105.58288928630756,110.75818963706521,111.6189012645877,93.68386990426261
2020-06-22,95.86631860613808,90.59005719398489,90.7203345155552,115.97073009390022,106.97831597399698,111.90059652711928,111.92371953825557,94.52676382131156
2020-06-23,92.74977673469937,86.8778516996159,90.73091119074397,117.24592882249337,107.97091936399714,108.76310552546651,110.5315602924794,95.37684900952344
2020-06-24,93.9010797576818,87.36254332462359,90.31062053479424,116.39379369213604,105.8419342684902,108.0134952785061,110.7678303144739,94.01719516759718
2020-06-25,92.97415794049788,85.4774193896383,88.04578401663332,117.28805926454919,104.52316677903177,107.04133151242057,109.79300197452082,93.10326141638474
2020-06-26,89.51917814640736,83.33353538621256,88.98301591729505,114.23653528175028,104.58802921601611,102.52678182339687,107.81205080487761,91.8021340068109
2020-06-29,90.06607885570467,84.228708945269,92.44818137424033,113.12424602960824,104.38011322073828,101.21614313521059,111.34004945343897,91.7450553130643
2020-06-30,89.31300784943971,84.03269741304385,89.44236853275585,114.00710063093491,105.6070929290033,101.75549001133311,108.2367535336359,91.81266248183155
2020-07-01,90.3115664954231,81.61189215274173,87.30184863922553,115.74420942387056,106.24759731455,102.51547366402988,112.21172949588359,91.97737656890533
2020-07-02,91.20730597137113,85.47527323689803,87.94384086266969,113.56187067334574,105.90065403864976,103.92547404696953,112.22057324173858,91.71876606004375
2020-07-03,94.37198822100697,86.60761103978848,87.60593716826975,114.0160159424207,105.35136164540123,104.80231115548682,115.14251583497648,91.47102203424788
2020-07-06,94.87587902502112,89.4667135145535,89.0659430076136,112.62852440199123,104.32872661554175,104.53202093299198,115.08567070877432,91.44462187078537
2020-07-07,96.18466127248061,87.15813160282285,90.37165339165274,112.03660706519045,104.58844338026738,102.90555787216182,117.98130503508104,92.12384894888885
2020-07-08,97.57393954297152,85.2390868022524,91.71921614745868,112.43875572190878,103.12305665579603,102.39432273769096,118.0812956521116,92.23002912451071
2020-07-09,97.83825971819887,85.69968438039209,94.48300008452964,113.5439153856185,100.38184007130478,101.65114733187568,117.30350992064258,91.22569055011981
2020-07-10,97.98137229798087,87.5053943087286,92.92031354361299,113.83196358537226,99.53338244787315,100.55100240979367,120.32352613825026,90.84709547738112
2020-07-13,98.66559491575518,84.91116595469632,95.86782879802304,114.5408704611195,99.35094953166664,101.74597391908584,117.7698632708547,91.66743926148267
2020-07-14,98.19103569648485,84.52476584230713,94.76898015668405,114.0050805148744,100.0561019809648,101.9140461907269,118.90405428504607,91.53237826417345
2020-07-15,98.95181994074036,84.07833205705063,98.91677021048606,111.16906645355769,100.60454433802461,104.3233919349322,117.7005938383735,92.84121784214567
2020-07-16,100.43435189899046,85.71874069633697,99.67794715441393,110.18485796510575,99.98531478772053,105.35522124440797,121.43694191451395,92.9890618485928
2020-07-17,99.06626918629979,86.62591884199195,101.35703487933701,110.87668667090966,100.54024534530784,105.9307713309995,120.8104341460377,92.96400563549497
2020-07-20,96.6409326483747,86.48178817713493,100.60898310736263,110.78804949175496,98.34944989582024,101.65428955391396,119.7705063913411,91.75999397550252
2020-07-21,97.16848369687641,84.58022701737403,103.09390972584464,110.47776997667359,98.51073246427636,105.23759514282777,123.52873662034969,91.41766031187379
2020-07-22,96.30870710081057,83.9467717899026,103.75536756351423,110.48056042908583,98.27165618463218,107.03981516376975,122.70487214453276,92.40823924241816
2020-07-23,96.4446120866201,86.46481821272339,105.11434135053857,111.08447588313031,97.32088619853464,106.60563386399214,125.02808732136619,93.28430214748373
2020-07-24,96.50767218713433,84.6196599372755,101.92695714281714,109.83118248042236,96.20275741706074,104.2816143814683,123.87001727701956,92.30244262538605
2020-07-27,93.240285438517,83.69622120649657,100.62124707313961,113.48037360599167,95.68898518553361,103.28420867735457,127.15015500690299,92.31260613087245
2020-07-28,94.03279992320367,84.01207766090806,101.52709998237775,114.18200819725568,94.88006786717128,104.95815587855421,124.54775475813555,92.66408804198291
2020-07-29,94.2896143878379,83.19652276721395,101.35083247679411,113.40828369599039,94.04677553442406,103.40039705265671,120.41595624945,92.5688038188299
2020-07-30,92.66771128889903,83.85367417337372,98.80658295854374,113.10174539123439,93.79624002689202,104.2614639944679,119.54744415351048,91.94205653070743
2020-07-31,93.36557285876546,81.04852670032732,98.24134970235716,116.25546119764209,94.26499811762645,105.20649294337716,122.0257772450982,92.69242271404235
2020-08-03,90.5728204079796,78.22292214969727,97.31580808430842,116.42817845530796,95.9201693099195,103.91978858135569,116.42345909913769,91.87081998936699
2020-08-04,86.84165849656421,77.18266562393853,95.81682560302282,116.9515209276222,97.40195963541336,105.00328219130061,115.08719071817673,90.41092891187563
2020-08-05,87.65008732467204,78.05476304278052,96.79999629419589,117.81115893095952,96.21461307525018,108.47689495276313,113.75303319289338,90.89927272624189
2020-08-06,85.43602612838104,76.39360394930955,98.6887020747161,117.93430037788187,97.15740633963638,108.69264529313394,113.33994714096764,91.56457513629648
2020-08-07,85.13700993514651,74.06240928820378,96.48966305088508,119.53990406658524,97.98385146793191,106.02844247416634,111.4705344533834,91.33657695339494
2020-08-10,84.67454172530446,72.26931727515705,94.7435010575983,119.19124251408006,98.97381921183424,106.60537169010513,110.31511747225512,90.85792732159956
2020-08-11,84.85649594622302,71.31712761524514,92.44444209722779,118.30435937801597,98.6634052700121,103.48238099555043,108.81488497303562,90.84449229597851
2020-08-12,82.84060375303443,70.95857546732454,91.47230690858858,119.4124306096424,99.03600230150887,100.95812384586429,105.72480410006253,90.91236527624041
2020-08-13,84.12311891022796,68.5862283749936,91.79828621941282,121.29902410113473,99.08535644875793,102.20830279234706,104.98492440300362,91.03264848484572
2020-08-14,82.08197953384399,65.52661390163878,92.17243165220856,120.94821950489236,99.26930735478201,98.41251880797068,99.85584285542245,90.48440224236941
2020-08-17,81.18780607892121,65.77332996105875,92.82317071005116,121.41809401735833,99.49188595322858,100.94677765152586,98.33614332594424,90.54270351874158
2020-08-18,82.57127518136818,67.40871806753017,91.07713219199627,120.44952145268131,100.31550767872879,102.66994831015677,99.95954532730501,90.75229188000495
2020-08-19,82.10003952967314,67.6409956786542,90.57892044074646,120.47161295710302,100.43138208402414,101.62239337765129,100.87077777132671,92.28888642163326
2020-08-20,79.91578333748427,67.59399707668298,88.700494869353,122.06856239632302,100.9477030479875,102.42859781348947,102.71121088702301,92.15495536889
2020-08-21,81.27681248628147,65.21138208141174,91.14882717854826,122.45458444341793,101.78872132978513,101.58172827359395,102.32244350322665,92.72659374799662
2020-08-24,81.26010453646725,65.51181184847192,93.13689082862446,119.41354580324955,102.26093284599438,101.48003111604709,101.7943383546833,91.90943342647013
2020-08-25,81.87733465896594,62.9863106942995,93.75680274237477,117.61222304454878,102.42347084996743,100.1787302569181,102.54293309012552,91.32998739046965
2020-08-26,81.02891487038313,62.30301518959506,95.64725263318867,118.42184091465433,102.16109684523364,99.90655819777808,99.64931994293778,91.68632747166615
2020-08-27,78.89402588916096,62.70729677265222,95.44651809093358,122.2070484290263,101.60088708173487,100.21197420848695,103.56283283293884,92.3869476875036
2020-08-28,78.07406560417786,62.78965669142207,95.2542180574614,122.78448130940056,101.1230799222594,99.74884939731953,100.04773076891844,92.45065195570137
2020-08-31,78.60499372466967,62.64474124966425,92.3824527206642,124.54919640903996,101.66800590015063,99.20890367350624,100.15840316225237,91.90776030169758
2020-09-01,77.39988801995045,61.862028503215136,94.03399563298119,123.79167505670401,102.29080982122956,98.25363264203983,100.3621288698068,91.78571589954274
2020-09-02,78.4173757673938,61.4914925768073,91.34099261560522,121.93967656386369,101.87498182173688,95.2873813951286,99.50003256251436,91.13586099791455
2020-09-03,81.214454244757,60.20505038793165,92.04958315750167,119.79852211602908,101.11011473116491,95.03131570442667,94.60971562646473,91.23328305423483
2020-09-04,83.53666999194897,60.13684825928189,93.07599775155668,120.57551484345439,100.62820003817916,95.30082411660746,91.97059704211789,92.18694060244295
2020-09-07,83.3990410730902,59.0963255866651,92.95369571903619,120.01600479145145,100.31952384762843,95.32234095972966,88.70140599324611,92.48078731862928
2020-09-08,81.6547248650234,58.160213632557436,95.68651172926359,121.84953366315044,100.5915960350148,94.53230126981563,88.40742744239101,92.82307820004809
2020-09-09,81.70476686243731,58.076694618819815,95.61547106035583,121.5138117589687,99.35945587745245,93.03364496917382,88.93380178525456,91.74156177435904
2020-09-10,81.47653815145645,57.24336653505642,95.49269791824939,121.20879737623036,100.71565024526019,94.01569229142825,87.16717237505821,92.28249350110661
2020-09-11,80.53387223218202,56.539583516538194,95.59587733707127,120.85070800306428,101.64807449552724,92.86150005155994,86.01914540392566,91.98511613832606
2020-09-14,79.85460240380169,57.46318907930848,96.8842129573373,123.0077139417829,103.48865058780083,93.75762554438533,88.82990508303669,92.35190527755219
2020-09-15,78.92716348539875,56.705315530810495,94.40451513134012,122.20744708698383,103.74441825799272,90.89549325202087,88.687739499836,91.39392854928833
2020-09-16,82.25738114810193,56.81782040147415,95.45765122100892,119.2602805003429,104.53456055828237,93.31113339411036,90.4204532206541,90.98543207239686
2020-09-17,82.5214277319702,55.7943670687908,97.88566371260056,120.26818822577003,104.57948578921999,90.65870422516481,89.47098276012271,91.82596873366965
2020-09-18,84.02688796273058,57.05245935560691,95.70412838087334,120.26620236232515,105.22565005547919,89.4893770538557,90.67863898540249,92.50170653330456
2020-09-21,83.65200443647532,55.23116195636909,94.40778914763973,120.5443839415302,105.53494215486153,87.95314407524457,88.857320569017,92.20787890050718
2020-09-22,84.21137053295666,55.03142666503466,93.73375439296542,120.67166626042247,103.84814791507647,87.73538252858266,87.80401585336867,91.84921991631417
2020-09-23,85.42915299967723,53.41841958330787,89.92131700746332,121.81188147799769,104.30571160307849,87.52520292073808,86.51193542631493,92.04625505702647
2020-09-24,86.62854325105612,54.01576788550408,89.94573470404688,118.20872930700317,104.54506736425246,88.75485731257552,87.19643124146117,91.32470260862937
2020-09-25,87.50842251760476,54.91104394805468,93.15003909603136,115.97237772324509,103.69112122107866,89.94532302155895,87.61947731293779,90.7847709643456
2020-09-28,88.05703446664064,55.51496631121663,93.63888773745134,115.88264511790551,103.23978035659735,92.17267055542061,86.60448833965594,90.57426293857986
2020-09-29,88.07594760176902,56.32702164067599,91.20264531249158,114.1198208232403,101.44656610984563,90.50803036948393,82.73707358756702,89.75715565116984
2020-09-30,88.95412449800315,55.848963122691956,91.66039486027793,113.55638632472926,101.90846501550081,91.42119343853346,82.04293323764645,89.80940859924442
2020-10-01,90.35125210273944,56.410302339275276,89.68674930928564,114.26937775840446,100.91576850501266,93.26006828429814,83.62824907380958,89.80237501445592
2020-10-02,90.56886253603295,56.24123149189284,90.85775067132732,113.54790425867314,100.96694539436473,94.53277910345454,82.90793248579838,89.50752889884963
2020-10-05,88.95080532224478,55.01285141760462,86.89798948445312,115.73785263434641,103.2745240960457,96.71510828025592,80.73144023032188,89.99941543637989
2020-10-06,90.85271638743562,54.85751084719171,87.43298908182808,112.46489726621738,103.0913735672544,94.69577881875718,80.42184550231501,89.03663303612355
2020-10-07,91.59706155776172,55.89215381902062,86.59232037456177,110.57197705560218,100.94505742866492,92.98138044502872,78.06606336386548,87.7700922129766
2020-10-08,92.22406952568463,55.556538966695065,84.82213714588413,110.02740788119094,101.94138376978268,93.84817404610929,77.96563055234962,88.08570529783333
2020-10-09,90.62271955149579,55.364428631459475,84.67867019100844,109.73280841374904,102.49801017861728,92.47533232356517,78.34326454852179,88.2675536088478
2020-10-12,86.66183427843737,55.91021311012037,79.03339715355537,110.3203221321974,104.24848033956904,90.99644301610338,75.04903930052367,87.40942857251177
2020-10-13,88.00107107171084,54.31318607366411,80.58610372054532,110.12316306984002,103.1302434788278,89.75755285964672,73.11372635650838,87.76768615197057
2020-10-14,88.97228808480008,52.89045098938156,79.74130425667211,109.27452692900523,104.38718120496706,87.93871637247689,75.17991105078656,87.70928000814503
2020-10-15,87.42603648275346,52.08219926592164,77.9592089765663,108.35670076630639,104.89666337934065,85.16578576367525,70.75983940167136,87.23477288341229
2020-10-16,85.06615802843578,51.10784001125172,75.83610575829321,108.2487710683874,107.2886888124017,84.86096412971031,70.68625682123042,86.16246942274324
2020-10-19,84.23595895005039,51.174930456932465,74.18982019947012,109.81704594115807,106.53796847413868,84.11049426733229,69.48269164546265,86.13671188221717
2020-10-20,83.43088591234485,50.8300208677526,73.59562183375907,109.16860332580502,107.14388052546451,84.00843561590153,68.96168336284403,85.75278641085855
2020-10-21,84.43190356708024,50.765470096315845,73.33730012621966,109.12945983819668,108.55311824973978,83.33338867606935,70.92168181664744,85.2457495219978
2020-10-22,84.71129709499357,52.13228760089397,74.47074774919838,108.66375139922953,107.58562316049563,83.76650391984897,71.0315277963149,85.04187687540828
2020-10-23,84.34719638493404,52.25056361428355,73.32869099162292,107.79789291994182,106.44565109395141,83.11525632992883,70.53400272946301,84.6358387239284
2020-10-26,85.57255573175074,52.49588778441521,74.1882520816464,107.69836813056828,106.05052031705593,82.99144640357699,73.98467505564645,84.53036449402585
2020-10-27,84.72212106900024,52.753911298018444,74.45683229386239,105.87849531675253,106.96128426024963,82.70797547985973,72.2644106671348,85.1217949873557
2020-10-28,85.52148599551809,51.7523467730552,76.89240310641388,106.40330402481841,106.77857346962338,85.16348385938215,73.1619239472689,85.24582173984676
2020-10-29,84.67871393941591,52.13513794424801,77.54352530754602,106.33527911137044,106.01924405978198,85.05944042269442,72.78292217057962,84.47805041861946
2020-10-30,82.8134792843251,52.36241273425777,73.33176806551148,107.53198415200733,106.2579773229707,85.76903768755972,71.16907762525733,84.39419134714811
2020-11-02,82.32457246923065,52.388339679239024,74.28661277828313,106.82114666736899,107.04077697535726,84.86646152138631,71.8846115451018,85.02559343324036
2020-11-03,83.14374867026332,54.17559228487183,73.85190031328031,104.41193865355972,105.62723371597036,85.1032321354639,71.94676980349176,84.7761926691189
2020-11-04,81.74740227756861,54.65804235645584,71.95753951475817,106.29474645458747,108.52386141750463,87.01790789212941,74.343794590017,85.08228188017691
2020-11-05,79.53178498932452,53.77018034368135,69.775349668745,105.45262471303904,110.70914287708777,86.56589034919067,74.00268492748249,84.57556044029496
2020-11-06,79.32953028906198,54.599763620043674,69.90331149101476,105.88975184421727,110.39576837270486,86.52391972574664,72.49108624698013,83.86886372163211
2020-11-09,79.02225286865792,54.59985804214603,68.10594797111997,106.1880953787962,110.69477560785765,83.5701207238764,70.91486414409435,84.1493494335623
2020-11-10,79.48499800253815,53.61977789409804,68.16328348560997,107.61817212669274,111.57428621655892,84.18383623594194,71.10102172059169,84.18275484408522
2020-11-11,80.04674234897495,53.87663504633172,69.16322062514213,107.38095136717321,112.0578169437985,85.06030302724207,72.97652530462372,84.87513784367279
2020-11-12,79.08474816485707,52.10394227896514,70.59487544842018,108.10108245215315,110.75585416465519,83.24055416929278,72.95727453566593,84.34989956176567
2020-11-13,78.48125837266664,53.22640895035923,69.34474563299449,107.05135086267697,110.89540327153983,83.43715424883538,73.33732928751272,84.63575706251936
2020-11-16,78.71895305302542,53.69355637124627,69.16335595851935,106.94920805203787,110.87263776672116,83.92705785998405,74.66311949345221,84.9512989087341
2020-11-17,78.7750997694151,52.9753029827689,69.08325151016261,107.07355473008194,111.16947805522308,86.52954208405396,73.93154207549499,85.0380085864633
2020-11-18,80.04156224487005,53.25157670731298,72.52120740965294,105.5853108889377,110.7304776473845,86.35179703139222,74.33559918971501,85.56706134797376
2020-11-19,81.06165732024778,53.68517490199217,74.60661256957216,104.74907706833203,109.90220641908961,90.12471522405124,75.41893466467782,85.19403399233563
2020-11-20,80.22153741324932,52.712813948504525,75.51982861402014,104.5290098693026,110.17372593961201,89.70803470347623,76.08410978120142,84.60888109949795
2020-11-23,78.93128690708754,52.71434646611662,76.12715211544817,105.07524405673234,109.54875612927077,90.26436061165342,74.70864667098826,84.23855005260235
2020-11-24,77.81762091532521,53.684994428309615,77.09492811063893,105.61783372438056,110.57329956676598,95.00855374456727,73.58990739331827,84.23625040192171
2020-11-25,77.10227224998503,52.809032227759744,75.08549801603536,105.90318812332835,109.91770034488393,94.08370227262327,72.288423842706,83.94928803868012
2020-11-26,77.69333291680923,53.42796904143846,74.8441262340031,108.32828494655398,110.07628195712923,93.08446752543821,72.41235143047554,83.83599196338312
2020-11-27,77.7174193702606,53.32004904322519,74.1421388444397,111.06855740313864,110.80076958630198,95.28335850580679,72.41993881632102,83.82177180186162
2020-11-30,77.73188338638023,53.509065895918425,70.69440789951574,111.2863629998984,111.1398026489599,94.61951492986086,71.14751757588226,83.42826072460966
2020-12-01,77.41417874882957,53.54043554438632,71.67403776386743,112.78106100686371,110.86745492894565,94.5690316011494,72.02006601655499,84.00968892008869
2020-12-02,76.69933521532265,54.38648321426467,73.45898029508592,114.37964170516774,112.58596550443414,95.23223707848119,73.49256338802827,84.86802481727918
2020-12-03,76.50670695555971,53.492464898175754,70.41913368817913,115.23110168608443,112.2897981307234,94.5609290794843,71.88558782185017,83.95491485264937
2020-12-04,76.82313636593854,53.70502087253081,71.5183599720571,118.25923611037877,112.57408653196667,96.66215511922775,71.94294325286457,83.94121961734382
2020-12-07,79.212843305586,52.90921154876731,69.89400714307061,118.20733371892204,112.48000575131213,95.48922981823928,71.5545917335813,84.71989001249761
2020-12-08,77.8923746944837,50.9335215317542,70.78641741452577,119.55385656052316,112.26913781144623,93.04625349787197,70.3342296249463,84.6802989918926
2020-12-09,79.66547414029382,49.94133040229104,70.6970416034254,120.55008729627596,109.80265938339686,93.70287211182698,68.50212614808599,84.59056465318734
2020-12-10,80.01470092756112,51.239218254780475,72.03505432826614,116.23237401409953,108.43551227846164,92.82794951890891,67.39768072431718,84.39542366204016
2020-12-11,81.23391205114271,52.130615133418004,72.07149059595922,113.02556340667653,107.5590192470477,92.60844973069925,65.64329954065347,84.46519551393304
2020-12-14,82.665080961799,52.47694889386755,66.84667093077073,111.63035511030637,109.67260406371051,91.86044794005454,63.56583317897338,85.3118477024092
2020-12-15,82.64169599943544,53.807077324477525,67.57647235511097,111.91514567264029,109.80721095399628,93.46841595831296,66.31603940265607,86.00455357760465
2020-12-16,79.98420333098994,53.92640375378809,69.03280194942313,113.88681985427351,109.61671658747034,95.24160195985861,67.47255156089714,87.4719576524815
2020-12-17,78.7404455918612,53.05109252815632,68.02882065534529,113.75896510526324,109.08311678914929,90.64242707135043,66.10532931402288,87.44559492014588
2020-12-18,77.92040780060519,55.302753099335064,68.38178351979485,115.28717431762736,109.1814827861272,92.73721595026906,67.24924719306176,88.69002528399136
2020-12-21,77.96472795939138,55.92407089697387,69.12023851694651,114.61800510407679,109.40734620765913,95.82133371975486,67.20527659934012,88.93526193971456
2020-12-22,79.8830962143891,57.722058976586645,69.87199096671604,110.22907372033252,109.17871388355873,92.69370969572692,68.42519309300742,88.98054294236933
2020-12-23,81.43630242829074,56.734156696556724,67.18692434280833,110.96497657905064,109.4182395300068,91.98372985717295,68.3852001213047,90.60891199087222
2020-12-24,82.7507266387554,58.32185073994476,69.1483671028334,112.27073691306298,108.7510219850357,90.7668045020809,69.22936712713056,91.93153833224511
2020-12-25,81.10017918878091,57.76765872326243,67.49102455577471,115.14360608971886,110.08851354122852,92.1874686347537,70.38713291408085,92.13381759863127
2020-12-28,81.37601124870253,56.172030426298114,63.460145559722235,116.33898533907652,111.09144671765495,93.27155356188584,71.68490916438624,92.67990686785056
2020-12-29,79.70695004727709,55.39831331778484,63.750784711335044,120.61762851566438,113.11521443848187,96.35126125027661,72.68469729889094,92.91541108603315
2020-12-30,80.92074067861996,54.13548552877053,63.28157973310687,120.60733757890212,114.8894513592953,96.53147035099556,70.48724253255287,93.75706434453605
2020-12-31,79.74492638351897,53.970219104973594,62.874565696844506,120.5371583335748,115.95212207142069,94.57776225945776,69.90063368408313,94.37161268251486
2021-01-01,78.72166328024518,51.731594914332334,63.249874086273635,122.97378428137178,116.45600888381091,92.20362432018356,70.68134175262368,93.50184587718661
2021-01-04,79.1645504623974,50.692484225965096,61.21983589535446,122.84454521549308,116.61041209832624,90.77736295542421,70.72120347604593,92.92010982176582
2021-01-05,80.67293813007149,51.23067279360417,60.483316476947245,121.20068841622691,114.57868304310452,90.2302897237204,69.51188858760008,91.00400764903719
2021-01-06,79.76421372619743,49.97760392610416,62.428894920466995,118.6444564513685,112.99483249412592,90.11320341008897,69.64902773996943,89.633452062022
2021-01-07,78.71198633119326,50.5152047819,58.68793897351636,116.54119604674086,113.07512635576312,90.52052713666443,67.88894082583684,88.88120893237594
2021-01-08,80.45355174562918,53.257464148483336,58.66162103568517,115.56629108754959,114.32520058696838,90.20230942719768,70.1827272205977,89.08121803685324
2021-01-11,80.57418769239634,52.942534255628345,57.17390539944552,114.44412453320616,114.78921461905574,90.88142555837051,69.55382028142982,88.80155029127697
2021-01-12,81.45031007783156,51.841006999985595,58.124405331971204,115.60184950906039,117.58094663391809,92.08640535138679,70.45684266599291,90.13759442835523
2021-01-13,82.73983884533024,51.35624498306831,57.60481238677328,116.4268193523368,116.7278832391369,91.52925236329406,70.46324712888723,90.74247146351854
2021-01-14,81.69384359234542,48.94630424181018,54.15381550664061,115.96710775720902,116.23755956171058,89.16849366416929,67.26742618185416,89.35021661999544
2021-01-15,80.38415032169397,48.223161603223375,55.590172304355235,117.10919840926675,116.40871793403184,88.90036607655615,67.02052771185254,89.76151400841873
2021-01-18,81.27909820070897,47.29540973735584,55.55128535271716,114.11605377130658,116.54275787130064,88.94701940730954,65.97246461520504,90.37740132113787
2021-01-19,79.80186865428819,47.304073962224706,55.2535808153455,114.30921914851741,116.6580217278597,88.80257312492532,66.55672213219813,91.00209496260737
2021-01-20,79.75438615040538,48.17737573167607,54.42603074882124,115.42971724713271,115.8793500233489,90.22021567773638,68.86269403801674,90.7432716370566
2021-01-21,76.21322028502526,47.01571315733502,55.31940764580764,117.0365941853629,116.74581450253363,91.33687607016505,69.24995646135704,91.31576320602674
2021-01-22,77.57274849866201,48.872654766256254,56.39560198628042,117.4826543561021,115.8199172245055,91.63085812276543,71.87636994068222,91.88934772669732
2021-01-25,78.77882006549763,49.16946745782595,55.78531217408285,117.34625309514799,117.25373280940836,93.1457192175209,70.70654273317206,92.26654952696343
2021-01-26,81.54363315851803,49.30849650150208,53.684160815040116,120.14328511124945,118.0818773891328,94.44123144845344,71.44604993433566,93.65610592928607
2021-01-27,80.61487780700699,50.477101064567535,54.48276700272678,120.25669044723448,118.07003238768917,94.67308485279753,72.92206153444968,93.28319193804772
2021-01-28,77.95551239846988,50.7781158549354,54.985668490319696,121.35141334598019,118.79450314951558,94.51806077572888,73.965495555893,93.35201216046063
2021-01-29,77.15317274232713,50.25142981243283,57.52039926036494,118.38573004555417,119.04092402140402,91.97119139095804,73.41253083952512,93.02950402752477
2021-02-01,73.89340592172611,50.17304424393949,56.39666224217558,116.04210935967542,120.43063359941075,92.54595533220537,73.97299007572512,92.42260322126855
2021-02-02,73.92083243710063,51.716007527833206,59.06633073206623,116.87749622663746,118.82161732915002,93.63620555957843,75.18072445822219,91.6876379390152
2021-02-03,74.57408693966333,54.56052201861253,60.68270878881289,118.0419315531483,118.3613323013561,95.21779719791874,77.08215374507314,91.99382282372153
2021-02-04,73.09561738105799,55.89459104195031,62.748097456121975,116.15054290319291,119.07572272127011,95.40183567161323,77.70184036279262,92.40604945586645
2021-02-05,74.50906874553867,56.23096512846292,65.26698410908837,115.8437671220297,119.2214843142255,95.43051435760086,81.19589070452139,93.13561167087168
2021-02-08,75.53058477258483,54.25757948958584,63.662370572759365,118.23773224464196,120.02747719805247,93.39955224169336,82.8043963242511,93.08744325676749
2021-02-09,77.62099596179061,54.47509010246729,64.38225308161553,119.49428963312599,118.72000201278847,92.79438823329633,83.13231035500371,94.02077718134629
2021-02-10,75.51222302395668,51.95222710025059,64.76132834277232,119.49779086920806,118.9032307243754,89.39651235505298,81.10642782853557,93.67841174888989
2021-02-11,76.87579000946975,51.205686376948435,67.50682821377279,117.881672909914,117.69809111908518,91.07441685978448,81.16921997389535,93.11211895597063
2021-02-12,76.59498856538174,52.760958795449774,70.27236909838237,115.87098501404374,117.04166507228386,91.37704763909964,80.0995772305882,93.25111982018551
2021-02-15,76.56101541445649,54.140009219664485,72.68955195857542,114.70851307493682,116.29929409675171,92.49139511680004,79.64454983034105,93.7665518918425
2021-02-16,76.38430258998635,52.84511721367602,70.55195755584155,117.54094266933168,116.73252529604217,94.75219224248167,79.21517186735902,93.97394003558206
2021-02-17,79.99755190741169,52.101072358411315,67.69336264706473,119.4737601064591,115.91447028118631,95.08598002888499,78.80177855367981,94.3740307342405
2021-02-18,78.43274110197281,51.6064308606999,68.01774040980582,118.28710036678727,115.34133864996323,93.60193370432032,76.07043416140696,93.73903657010408
2021-02-19,78.57595395270238,51.11486846437049,67.42631261785995,118.47306652662517,114.78630014817988,94.07959151359128,77.33566918875029,93.09389669165418
2021-02-22,79.29523583716794,50.91011894205355,68.09289758039381,120.71861661076491,115.33465602209594,93.03528473207106,78.90528036737837,94.56469515609213
2021-02-23,78.90019287053008,52.01226218724223,67.06744232219592,118.38781593594265,115.36550497477205,90.23051005677395,77.96474567599387,95.23382657336929
