Date,Asset,prev_weight,target_weight,delta_weight,estimated_cost
2023-10-30,SPY,0.0,3.3833746834707924e-07,3.3833746834707924e-07,8.458436708676982e-10
2023-10-30,QQQ,0.0,0.015664697806206773,0.015664697806206773,3.916174451551693e-05
2023-10-30,IWM,0.0,9.808956882674493e-08,9.808956882674493e-08,2.4522392206686234e-10
2023-10-30,IEF,0.0,5.5931498962882605e-05,5.5931498962882605e-05,1.398287474072065e-07
2023-10-30,GLD,0.0,0.0006448799993262965,0.0006448799993262965,1.6121999983157415e-06
2023-10-30,DBC,0.0,1.5629021980021446e-05,1.5629021980021446e-05,3.907255495005361e-08
2023-10-30,UUP,0.0,0.00012981827719715815,0.00012981827719715815,3.245456929928954e-07
2023-10-30,__CASH__,1.0,0.9834886069692897,-0.016511393030710253,4.127848257677563e-05
2023-11-28,SPY,3.3833746834707924e-07,0.0006280588743785247,0.0006277205369101776,1.5693013422754438e-06
2023-11-28,QQQ,0.015664697806206773,0.014745031357019524,-0.0009196664491872494,2.2991661229681236e-06
2023-11-28,IWM,9.808956882674493e-08,0.0004060460087581367,0.00040594791918931,1.014869797973275e-06
2023-11-28,TLT,0.0,0.00034048229692763745,0.00034048229692763745,8.512057423190937e-07
2023-11-28,IEF,5.5931498962882605e-05,0.0,-5.5931498962882605e-05,1.398287474072065e-07
2023-11-28,GLD,0.0006448799993262965,0.0023019439152287056,0.001657063915902409,4.142659789756023e-06
2023-11-28,DBC,1.5629021980021446e-05,0.0005350071945074477,0.0005193781725274263,1.2984454313185658e-06
2023-11-28,UUP,0.00012981827719715815,0.0,-0.00012981827719715815,3.245456929928954e-07
2023-11-28,__CASH__,0.9834886069692897,0.98104343035318,-0.0024451766161097677,6.112941540274419e-06
2023-12-27,SPY,0.0006280588743785247,0.0,-0.0006280588743785247,1.5701471859463117e-06
2023-12-27,QQQ,0.014745031357019524,0.026492552159271154,0.01174752080225163,2.9368802005629074e-05
2023-12-27,IWM,0.0004060460087581367,0.0,-0.0004060460087581367,1.0151150218953418e-06
2023-12-27,TLT,0.00034048229692763745,0.0,-0.00034048229692763745,8.512057423190937e-07
2023-12-27,IEF,0.0,0.002635813245614356,0.002635813245614356,6.5895331140358894e-06
2023-12-27,GLD,0.0023019439152287056,0.001947075446363722,-0.00035486846886498367,8.871711721624591e-07
2023-12-27,DBC,0.0005350071945074477,0.001603848525433807,0.0010688413309263593,2.6721033273158985e-06
2023-12-27,UUP,0.0,9.976282543290108e-05,9.976282543290108e-05,2.494070635822527e-07
2023-12-27,__CASH__,0.98104343035318,0.967220947797884,-0.013822482555295945,3.4556206388239865e-05
2024-01-26,SPY,0.0,0.0001717761480016565,0.0001717761480016565,4.2944037000414123e-07
2024-01-26,QQQ,0.026492552159271154,0.020005041917824165,-0.006487510241446989,1.6218775603617474e-05
2024-01-26,IWM,0.0,0.0004215234241668176,0.0004215234241668176,1.053808560417044e-06
2024-01-26,TLT,0.0,0.000312440968442626,0.000312440968442626,7.81102421106565e-07
2024-01-26,IEF,0.002635813245614356,0.00046285715839827437,-0.0021729560872160818,5.432390218040205e-06
2024-01-26,GLD,0.001947075446363722,0.000463708543632621,-0.001483366902731101,3.7084172568277526e-06
2024-01-26,DBC,0.001603848525433807,0.0008521895100229211,-0.000751659015410886,1.879147538527215e-06
2024-01-26,UUP,9.976282543290108e-05,0.010184722782216757,0.010084959956783856,2.5212399891959643e-05
2024-01-26,__CASH__,0.967220947797884,0.9671257395472942,-9.520825058983995e-05,2.3802062647459987e-07
2024-02-26,SPY,0.0001717761480016565,0.0006735632773764579,0.0005017871293748014,1.2544678234370036e-06
2024-02-26,QQQ,0.020005041917824165,0.01522375101612257,-0.004781290901701596,1.195322725425399e-05
2024-02-26,IWM,0.0004215234241668176,0.0027199442980095786,0.002298420873842761,5.746052184606902e-06
2024-02-26,TLT,0.000312440968442626,0.0005553636717757213,0.00024292270333309534,6.073067583327383e-07
2024-02-26,IEF,0.00046285715839827437,0.0010206496258374186,0.0005577924674391441,1.3944811685978605e-06
2024-02-26,GLD,0.000463708543632621,0.005149891477519125,0.004686182933886504,1.171545733471626e-05
2024-02-26,DBC,0.0008521895100229211,0.0008488583690555376,-3.331140967383463e-06,8.327852418458657e-09
2024-02-26,UUP,0.010184722782216757,0.028796666943364337,0.01861194416114758,4.652986040286895e-05
2024-02-26,__CASH__,0.9671257395472942,0.9450113113209393,-0.0221144282263549,5.5286070565887246e-05
2024-03-25,SPY,0.0006735632773764579,0.0007356818266561492,6.211854927969129e-05,1.5529637319922823e-07
2024-03-25,QQQ,0.01522375101612257,0.015296558517106328,7.280750098375907e-05,1.8201875245939767e-07
2024-03-25,IWM,0.0027199442980095786,0.0027460233451415284,2.607904713194985e-05,6.519761782987463e-08
2024-03-25,TLT,0.0005553636717757213,0.0005075157942528314,-4.7847877522889915e-05,1.196196938072248e-07
2024-03-25,IEF,0.0010206496258374186,0.0009832039389511837,-3.744568688623484e-05,9.36142172155871e-08
2024-03-25,GLD,0.005149891477519125,0.005166204328097154,1.6312850578029114e-05,4.078212644507279e-08
2024-03-25,DBC,0.0008488583690555376,0.0008337289273170368,-1.5129441738500823e-05,3.782360434625206e-08
2024-03-25,UUP,0.028796666943364337,0.028784913939795733,-1.175300356860351e-05,2.9382508921508774e-08
2024-03-25,__CASH__,0.9450113113209393,0.944946169382682,-6.514193825724046e-05,1.6285484564310114e-07
2024-04-23,SPY,0.0007356818266561492,0.0007117164679941964,-2.3965358661952817e-05,5.991339665488204e-08
2024-04-23,QQQ,0.015296558517106328,0.01483752314944876,-0.0004590353676575676,1.147588419143919e-06
2024-04-23,IWM,0.0027460233451415284,0.002625102097915125,-0.00012092124722640337,3.023031180660084e-07
2024-04-23,TLT,0.0005075157942528314,1.1676888045016176e-05,-0.0004958389062078152,1.2395972655195381e-06
2024-04-23,IEF,0.0009832039389511837,0.0002989604106423715,-0.0006842435283088122,1.7106088207720305e-06
2024-04-23,GLD,0.005166204328097154,0.008324435913547142,0.003158231585449988,7.89557896362497e-06
2024-04-23,DBC,0.0008337289273170368,0.0006380930798108425,-0.00019563584750619434,4.890896187654858e-07
2024-04-23,UUP,0.028784913939795733,0.029170156962866078,0.00038524302307034464,9.631075576758615e-07
2024-04-23,__CASH__,0.944946169382682,0.9433823350297305,-0.0015638343529515986,3.9095858823789965e-06
2024-05-21,SPY,0.0007117164679941964,0.0007410875138811933,2.9371045886996934e-05,7.342761471749234e-08
2024-05-21,QQQ,0.01483752314944876,0.01488410528669458,4.658213724581875e-05,1.1645534311454688e-07
2024-05-21,IWM,0.002625102097915125,0.0026428665163203695,1.7764418405244453e-05,4.441104601311113e-08
2024-05-21,TLT,1.1676888045016176e-05,0.0,-1.1676888045016176e-05,2.9192220112540442e-08
2024-05-21,IEF,0.0002989604106423715,0.00025281115173325316,-4.6149258909118315e-05,1.1537314727279578e-07
2024-05-21,GLD,0.008324435913547142,0.008388431722732986,6.399580918584405e-05,1.5998952296461013e-07
2024-05-21,DBC,0.0006380930798108425,0.0006424172338283668,4.324154017524315e-06,1.0810385043810787e-08
2024-05-21,UUP,0.029170156962866078,0.02913941909492911,-3.0737867936968255e-05,7.684466984242064e-08
2024-05-21,__CASH__,0.9433823350297305,0.9433088614798801,-7.34735498503225e-05,1.8368387462580627e-07
2024-06-20,SPY,0.0007410875138811933,0.0007857847664464488,4.46972525652555e-05,1.1174313141313874e-07
2024-06-20,QQQ,0.01488410528669458,0.014999251696030102,0.00011514640933552207,2.878660233388052e-07
2024-06-20,IWM,0.0026428665163203695,0.002613265189610106,-2.9601326710263637e-05,7.400331677565909e-08
2024-06-20,IEF,0.00025281115173325316,0.0002337273259595566,-1.9083825773696554e-05,4.770956443424138e-08
2024-06-20,GLD,0.008388431722732986,0.008385775039766475,-2.656682966511656e-06,6.64170741627914e-09
2024-06-20,DBC,0.0006424172338283668,0.0006179114554786232,-2.4505778349743568e-05,6.126444587435892e-08
2024-06-20,UUP,0.02913941909492911,0.02912229050863073,-1.7128586298379572e-05,4.282146574594893e-08
2024-06-20,__CASH__,0.9433088614798801,0.943241994018078,-6.686746180217806e-05,1.6716865450544515e-07
2024-07-19,SPY,0.0007857847664464488,0.0008107570229725693,2.49722565261205e-05,6.243064131530124e-08
2024-07-19,QQQ,0.014999251696030102,0.015020698393227193,2.1446697197091344e-05,5.361674299272836e-08
2024-07-19,IWM,0.002613265189610106,0.002671321013590693,5.805582398058732e-05,1.451395599514683e-07
2024-07-19,IEF,0.0002337273259595566,0.000218242942313722,-1.54843836458346e-05,3.8710959114586497e-08
2024-07-19,GLD,0.008385775039766475,0.008426443283339531,4.066824357305647e-05,1.0167060893264117e-07
2024-07-19,DBC,0.0006179114554786232,0.0005666144774858927,-5.1296977992730465e-05,1.2824244498182616e-07
2024-07-19,UUP,0.02912229050863073,0.029100432988444773,-2.1857520185956936e-05,5.464380046489234e-08
2024-07-19,__CASH__,0.943241994018078,0.9431854898786256,-5.650413945235133e-05,1.4126034863087832e-07
2024-08-16,SPY,0.0008107570229725693,0.0008419508630423445,3.1193840069775134e-05,7.798460017443783e-08
2024-08-16,QQQ,0.015020698393227193,0.015053710879794962,3.301248656776938e-05,8.253121641942345e-08
2024-08-16,IWM,0.002671321013590693,0.002682087832226634,1.076681863594088e-05,2.69170465898522e-08
2024-08-16,TLT,0.0,2.0854305250494292e-05,2.0854305250494292e-05,5.2135763126235734e-08
2024-08-16,IEF,0.000218242942313722,0.00022156191049530703,3.318968181585018e-06,8.297420453962545e-09
2024-08-16,GLD,0.008426443283339531,0.008462785503278858,3.634221993932714e-05,9.085554984831785e-08
2024-08-16,DBC,0.0005666144774858927,0.0005110670576338305,-5.554741985206227e-05,1.388685496301557e-07
2024-08-16,UUP,0.029100432988444773,0.02907080203166717,-2.96309567776043e-05,7.407739194401075e-08
2024-08-16,__CASH__,0.9431854898786256,0.9431351796166104,-5.031026201518518e-05,1.2577565503796295e-07
2024-09-16,SPY,0.0008419508630423445,0.0,-0.0008419508630423445,2.104877157605861e-06
2024-09-16,QQQ,0.015053710879794962,0.05625047468284778,0.041196763803052816,0.00010299190950763204
2024-09-16,IWM,0.002682087832226634,0.0005093925976968634,-0.0021726952345297707,5.431738086324427e-06
2024-09-16,TLT,2.0854305250494292e-05,0.0,-2.0854305250494292e-05,5.2135763126235734e-08
2024-09-16,IEF,0.00022156191049530703,0.020170093213731883,0.019948531303236577,4.987132825809144e-05
2024-09-16,GLD,0.008462785503278858,0.0,-0.008462785503278858,2.1156963758197144e-05
2024-09-16,DBC,0.0005110670576338305,0.0,-0.0005110670576338305,1.2776676440845762e-06
2024-09-16,UUP,0.02907080203166717,0.030562760056276585,0.0014919580246094168,3.7298950615235416e-06
2024-09-16,__CASH__,0.9431351796166104,0.8925072794494469,-0.050627900167163564,0.0001265697504179089
2024-10-14,QQQ,0.05625047468284778,0.06167847149804659,0.005427996815198809,1.3569992037997022e-05
2024-10-14,IWM,0.0005093925976968634,0.0009843453465162011,0.00047495274881933776,1.1873818720483443e-06
2024-10-14,IEF,0.020170093213731883,0.021703314556269983,0.0015332213425380999,3.833053356345249e-06
2024-10-14,DBC,0.0,8.151068460583491e-05,8.151068460583491e-05,2.0377671151458726e-07
2024-10-14,UUP,0.030562760056276585,0.02778570627832783,-0.0027770537779487556,6.942634444871889e-06
2024-10-14,__CASH__,0.8925072794494469,0.8877666516362336,-0.004740627813213272,1.1851569533033179e-05
2024-11-11,QQQ,0.06167847149804659,0.13688531471633636,0.07520684321828977,0.00018801710804572443
2024-11-11,IWM,0.0009843453465162011,0.0001318987866749061,-0.000852446559841295,2.1311163996032375e-06
2024-11-11,IEF,0.021703314556269983,0.0,-0.021703314556269983,5.425828639067496e-05
2024-11-11,GLD,0.0,1.0775033613643776e-06,1.0775033613643776e-06,2.6937584034109437e-09
2024-11-11,DBC,8.151068460583491e-05,0.0,-8.151068460583491e-05,2.0377671151458726e-07
2024-11-11,UUP,0.02778570627832783,0.01998111388859734,-0.00780459238973049,1.9511480974326227e-05
2024-11-11,__CASH__,0.8877666516362336,0.84300059510503,-0.04476605653120358,0.00011191514132800895
2024-12-10,QQQ,0.13688531471633636,0.1792647043339592,0.04237938961762283,0.00010594847404405707
2024-12-10,IWM,0.0001318987866749061,0.0,-0.0001318987866749061,3.297469666872652e-07
2024-12-10,TLT,0.0,1.4354060510568581e-05,1.4354060510568581e-05,3.588515127642145e-08
2024-12-10,IEF,0.0,0.013426658479978147,0.013426658479978147,3.3566646199945363e-05
2024-12-10,GLD,1.0775033613643776e-06,2.1108162580381573e-05,2.0030659219017196e-05,5.0076648047542986e-08
2024-12-10,UUP,0.01998111388859734,0.024147005472614842,0.0041658915840175025,1.0414728960043756e-05
2024-12-10,__CASH__,0.84300059510503,0.7831261694903568,-0.059874425614673155,0.0001496860640366829
2025-01-10,SPY,0.0,7.65208673462336e-06,7.65208673462336e-06,1.91302168365584e-08
2025-01-10,QQQ,0.1792647043339592,0.17927742148242887,1.271714846967642e-05,3.179287117419105e-08
2025-01-10,TLT,1.4354060510568581e-05,0.0,-1.4354060510568581e-05,3.588515127642145e-08
2025-01-10,IEF,0.013426658479978147,0.01338909529605697,-3.756318392117604e-05,9.39079598029401e-08
2025-01-10,GLD,2.1108162580381573e-05,4.7878785397401884e-05,2.677062281702031e-05,6.692655704255077e-08
2025-01-10,DBC,0.0,4.107740259350409e-06,4.107740259350409e-06,1.0269350648376024e-08
2025-01-10,UUP,0.024147005472614842,0.024177730601559942,3.072512894509993e-05,7.681282236274983e-08
2025-01-10,__CASH__,0.7831261694903568,0.7830961140075628,-3.0055482794000277e-05,7.513870698500069e-08
2025-02-10,SPY,7.65208673462336e-06,9.25216134425659e-06,1.6000746096332298e-06,4.000186524083074e-09
2025-02-10,QQQ,0.17927742148242887,0.1792756063980021,-1.8150844267594834e-06,4.537711066898709e-09
2025-02-10,IEF,0.01338909529605697,0.013361585322282795,-2.750997377417609e-05,6.877493443544023e-08
2025-02-10,GLD,4.7878785397401884e-05,0.00013874801759061154,9.086923219320966e-05,2.2717308048302416e-07
2025-02-10,DBC,4.107740259350409e-06,9.410676849382893e-07,-3.16667257441212e-06,7.9166814360303e-09
2025-02-10,UUP,0.024177730601559942,0.02417132462095619,-6.405980603751971e-06,1.6014951509379928e-08
2025-02-10,__CASH__,0.7830961140075628,0.7830425424121391,-5.357159542374035e-05,1.3392898855935088e-07
2025-03-11,SPY,9.25216134425659e-06,0.0,-9.25216134425659e-06,2.3130403360641475e-08
2025-03-11,QQQ,0.1792756063980021,0.1791371616573715,-0.00013844474063059997,3.4611185157649995e-07
2025-03-11,TLT,0.0,2.491309908705447e-05,2.491309908705447e-05,6.228274771763617e-08
2025-03-11,IEF,0.013361585322282795,0.013389895631980658,2.831030969786298e-05,7.077577424465746e-08
2025-03-11,GLD,0.00013874801759061154,0.00023254313674664484,9.37951191560333e-05,2.3448779789008324e-07
2025-03-11,DBC,9.410676849382893e-07,3.489519042473631e-06,2.5484513575353416e-06,6.371128393838353e-09
2025-03-11,UUP,0.02417132462095619,0.024161833388329886,-9.491232626303997e-06,2.3728081565759992e-08
2025-03-11,__CASH__,0.7830425424121391,0.7830501635674418,7.621155302728333e-06,1.9052888256820832e-08
2025-04-08,SPY,0.0,3.796952169673458e-05,3.796952169673458e-05,9.492380424183646e-08
2025-04-08,QQQ,0.1791371616573715,0.16496402963670312,-0.014173132020668389,3.5432830051670974e-05
2025-04-08,IWM,0.0,4.1794836129418733e-05,4.1794836129418733e-05,1.0448709032354682e-07
2025-04-08,TLT,2.491309908705447e-05,5.58281944022e-05,3.091509531514553e-05,7.728773828786383e-08
2025-04-08,IEF,0.013389895631980658,0.02319001496492279,0.009800119332942132,2.450029833235533e-05
2025-04-08,GLD,0.00023254313674664484,0.013891421695721802,0.013658878558975157,3.4147196397437894e-05
2025-04-08,DBC,3.489519042473631e-06,4.4625596852725745e-05,4.113607781025211e-05,1.028401945256303e-07
2025-04-08,UUP,0.024161833388329886,0.02158062478568515,-0.0025812086026447377,6.453021506611845e-06
2025-04-08,__CASH__,0.7830501635674418,0.776193690767886,-0.006856472799555813,1.714118199888953e-05
2025-05-07,SPY,3.796952169673458e-05,3.137666994905429e-06,-3.4831854701829154e-05,8.707963675457288e-08
2025-05-07,QQQ,0.16496402963670312,0.16491564099915532,-4.838863754780265e-05,1.2097159386950662e-07
2025-05-07,IWM,4.1794836129418733e-05,0.0,-4.1794836129418733e-05,1.0448709032354682e-07
2025-05-07,TLT,5.58281944022e-05,5.063311694291246e-06,-5.076488270790875e-05,1.269122067697719e-07
2025-05-07,IEF,0.02319001496492279,0.02314815110311254,-4.186386181024779e-05,1.0465965452561947e-07
2025-05-07,GLD,0.013891421695721802,0.014418377830417654,0.000526956134695852,1.31739033673963e-06
2025-05-07,DBC,4.4625596852725745e-05,0.0,-4.4625596852725745e-05,1.1156399213181436e-07
2025-05-07,UUP,0.02158062478568515,0.021427894881712508,-0.00015272990397264055,3.8182475993160137e-07
2025-05-07,__CASH__,0.776193690767886,0.7760817342069128,-0.00011195656097318096,2.798914024329524e-07
2025-06-05,SPY,3.137666994905429e-06,1.9791842098734745e-05,1.6654175103829318e-05,4.1635437759573294e-08
2025-06-05,QQQ,0.16491564099915532,0.16495116395560055,3.552295644523862e-05,8.880739111309655e-08
2025-06-05,TLT,5.063311694291246e-06,0.0,-5.063311694291246e-06,1.2658279235728116e-08
2025-06-05,IEF,0.02314815110311254,0.0231298072823903,-1.8343820722240695e-05,4.5859551805601734e-08
2025-06-05,GLD,0.014418377830417654,0.014513388050931586,9.50102205139313e-05,2.3752555128482827e-07
2025-06-05,UUP,0.021427894881712508,0.021363288263942005,-6.46066177705032e-05,1.61516544426258e-07
2025-06-05,__CASH__,0.7760817342069128,0.7760225606050368,-5.9173601876016946e-05,1.4793400469004237e-07
2025-07-07,SPY,1.9791842098734745e-05,3.098312728123218e-07,-1.9482010825922425e-05,4.870502706480606e-08
2025-07-07,QQQ,0.16495116395560055,0.1607875466963824,-0.004163617259218155,1.0409043148045388e-05
2025-07-07,IWM,0.0,8.093496584140649e-08,8.093496584140649e-08,2.023374146035162e-10
2025-07-07,TLT,0.0,1.92083961415575e-05,1.92083961415575e-05,4.8020990353893754e-08
2025-07-07,IEF,0.0231298072823903,0.04023342767280763,0.01710362039041733,4.275905097604333e-05
2025-07-07,GLD,0.014513388050931586,0.021967807765184227,0.007454419714252642,1.8636049285631602e-05
2025-07-07,DBC,0.0,2.9489124075554916e-05,2.9489124075554916e-05,7.372281018888729e-08
2025-07-07,UUP,0.021363288263942005,0.03850645439887988,0.017143166134937878,4.285791533734469e-05
2025-07-07,__CASH__,0.7760225606050368,0.7384556751802901,-0.03756688542474673,9.391721356186683e-05
2025-08-04,SPY,3.098312728123218e-07,1.2986286158033784e-05,1.2676454885221462e-05,3.169113721305366e-08
2025-08-04,QQQ,0.1607875466963824,0.16080148349037118,1.3936793988783558e-05,3.4841984971958895e-08
2025-08-04,IWM,8.093496584140649e-08,0.0,-8.093496584140649e-08,2.023374146035162e-10
2025-08-04,TLT,1.92083961415575e-05,1.777907855778191e-05,-1.4293175837755916e-06,3.573293959438979e-09
2025-08-04,IEF,0.04023342767280763,0.04023587985883242,2.452186024785863e-06,6.1304650619646575e-09
2025-08-04,GLD,0.021967807765184227,0.022006515093480318,3.870732829609064e-05,9.67683207402266e-08
2025-08-04,DBC,2.9489124075554916e-05,1.626715630524378e-05,-1.3221967770311135e-05,3.305491942577784e-08
2025-08-04,UUP,0.03850645439887988,0.038489360369686504,-1.70940291933791e-05,4.273507298344775e-08
2025-08-04,__CASH__,0.7384556751802901,0.7384197286666085,-3.594651368155066e-05,8.986628420387665e-08
2025-09-02,SPY,1.2986286158033784e-05,2.918973014115555e-05,1.6203443983121766e-05,4.0508609957804416e-08
2025-09-02,QQQ,0.16080148349037118,0.16080730512858948,5.821638218300729e-06,1.4554095545751821e-08
2025-09-02,IWM,0.0,4.103100110324492e-05,4.103100110324492e-05,1.025775027581123e-07
2025-09-02,TLT,1.777907855778191e-05,0.0,-1.777907855778191e-05,4.444769639445477e-08
2025-09-02,IEF,0.04023587985883242,0.04022515052971831,-1.0729329114105013e-05,2.6823322785262532e-08
2025-09-02,GLD,0.022006515093480318,0.022057526497172485,5.101140369216661e-05,1.2752850923041654e-07
2025-09-02,DBC,1.626715630524378e-05,5.36129146705319e-06,-1.0905864838190592e-05,2.726466209547648e-08
2025-09-02,UUP,0.038489360369686504,0.03846057749912407,-2.8782870562432672e-05,7.195717640608168e-08
2025-09-02,__CASH__,0.7384197286666085,0.7383738583226842,-4.5870343924336865e-05,1.1467585981084216e-07
2025-09-30,SPY,2.918973014115555e-05,4.4661656528918034e-05,1.5471926387762486e-05,3.8679815969406216e-08
2025-09-30,QQQ,0.16080730512858948,0.17345143723768028,0.012644132109090794,3.1610330272726984e-05
2025-09-30,IWM,4.103100110324492e-05,0.0025490754202869823,0.0025080444191837373,6.270111047959342e-06
2025-09-30,IEF,0.04022515052971831,0.0558730600135639,0.01564790948384559,3.911977370961398e-05
2025-09-30,GLD,0.022057526497172485,0.02627819112056696,0.004220664623394474,1.0551661558486184e-05
2025-09-30,DBC,5.36129146705319e-06,0.0001776346889638488,0.00017227339749679562,4.3068349374198906e-07
2025-09-30,UUP,0.03846057749912407,0.05555710789692828,0.017096530397804212,4.274132599451053e-05
2025-09-30,__CASH__,0.7383738583226842,0.6860688319654809,-0.052305026357203355,0.00013076256589300838
2025-10-28,SPY,4.4661656528918034e-05,0.0,-4.4661656528918034e-05,1.1165414132229508e-07
2025-10-28,QQQ,0.17345143723768028,0.17575217312087166,0.0023007358831913793,5.751839707978448e-06
2025-10-28,IWM,0.0025490754202869823,0.0016370566642393079,-0.0009120187560476745,2.2800468901191863e-06
2025-10-28,TLT,0.0,0.00030958664060641865,0.00030958664060641865,7.739666015160466e-07
2025-10-28,IEF,0.0558730600135639,0.0558370957409069,-3.5964272657000584e-05,8.991068164250146e-08
2025-10-28,GLD,0.02627819112056696,0.034277552512619734,0.007999361392052776,1.999840348013194e-05
2025-10-28,DBC,0.0001776346889638488,3.308568454222709e-05,-0.0001445490044216217,3.6137251105405427e-07
2025-10-28,UUP,0.05555710789692828,0.05533098907764352,-0.0002261188192847624,5.65297048211906e-07
2025-10-28,__CASH__,0.6860688319654809,0.6768224605585702,-0.009246371406910647,2.3115928517276617e-05
2025-11-25,QQQ,0.17575217312087166,0.17573603399060975,-1.6139130261910717e-05,4.034782565477679e-08
2025-11-25,IWM,0.0016370566642393079,0.0016118529348878253,-2.520372935148254e-05,6.300932337870635e-08
2025-11-25,TLT,0.00030958664060641865,0.00029670580482662817,-1.288083577979048e-05,3.22020894494762e-08
2025-11-25,IEF,0.0558370957409069,0.05582921470683382,-7.88103407307894e-06,1.970258518269735e-08
2025-11-25,GLD,0.034277552512619734,0.03442340133903796,0.00014584882641822255,3.6462206604555637e-07
2025-11-25,DBC,3.308568454222709e-05,1.208086454275602e-05,-2.1004819999471066e-05,5.251204999867766e-08
2025-11-25,UUP,0.05533098907764352,0.055317974691733725,-1.3014385909795867e-05,3.253596477448967e-08
2025-11-25,__CASH__,0.6768224605585702,0.6767727356675275,-4.9724891042712827e-05,1.2431222760678207e-07
2025-12-24,QQQ,0.17573603399060975,0.18066914384532212,0.004933109854712375,1.2332774636780939e-05
2025-12-24,IWM,0.0016118529348878253,0.0,-0.0016118529348878253,4.029632337219563e-06
2025-12-24,TLT,0.00029670580482662817,0.0,-0.00029670580482662817,7.417645120665705e-07
2025-12-24,IEF,0.05582921470683382,0.051242175237710325,-0.004587039469123498,1.1467598672808746e-05
2025-12-24,GLD,0.03442340133903796,0.03362479550591255,-0.0007986058331254098,1.9965145828135244e-06
2025-12-24,DBC,1.208086454275602e-05,0.0017543911734827127,0.0017423103089399567,4.355775772349892e-06
2025-12-24,UUP,0.055317974691733725,0.05446350206410253,-0.000854472627631192,2.13618156907798e-06
2025-12-24,__CASH__,0.6767727356675275,0.6782459921734698,0.001473256505942322,3.683141264855805e-06
2026-01-26,SPY,0.0,0.0010065460744830264,0.0010065460744830264,2.516365186207566e-06
2026-01-26,QQQ,0.18066914384532212,0.16446485247281606,-0.016204291372506063,4.051072843126516e-05
2026-01-26,TLT,0.0,0.001765103265973907,0.001765103265973907,4.4127581649347675e-06
2026-01-26,IEF,0.051242175237710325,0.08050699204354683,0.029264816805836508,7.316204201459127e-05
2026-01-26,GLD,0.03362479550591255,0.046467246833872836,0.012842451327960289,3.2106128319900726e-05
2026-01-26,DBC,0.0017543911734827127,0.0,-0.0017543911734827127,4.3859779337067816e-06
2026-01-26,UUP,0.05446350206410253,0.07964911174466825,0.02518560968056572,6.29640242014143e-05
2026-01-26,__CASH__,0.6782459921734698,0.6261401475646391,-0.05210584460883072,0.0001302646115220768
2026-02-24,SPY,0.0010065460744830264,0.0008826829072361541,-0.00012386316724687227,3.0965791811718066e-07
2026-02-24,QQQ,0.16446485247281606,0.10152168783301768,-0.06294316463979838,0.00015735791159949595
2026-02-24,TLT,0.001765103265973907,0.0016939520927245543,-7.115117324935278e-05,1.7787793312338196e-07
2026-02-24,IEF,0.08050699204354683,0.08042834144218154,-7.865060136529045e-05,1.9662650341322614e-07
2026-02-24,GLD,0.046467246833872836,0.11009678509266323,0.06362953825879039,0.00015907384564697597
2026-02-24,UUP,0.07964911174466825,0.0794778936903421,-0.00017121805432615544,4.280451358153886e-07
2026-02-24,__CASH__,0.6261401475646391,0.6258986569418348,-0.000241490622804319,6.037265570107975e-07
2026-03-24,SPY,0.0008826829072361541,0.0008300588844097347,-5.262402282641939e-05,1.3156005706604847e-07
2026-03-24,QQQ,0.10152168783301768,0.10147147101052904,-5.021682248863846e-05,1.2554205622159615e-07
2026-03-24,TLT,0.0016939520927245543,0.0016410374893323022,-5.2914603392252004e-05,1.3228650848063001e-07
2026-03-24,IEF,0.08042834144218154,0.08039245910139152,-3.588234079002217e-05,8.970585197505542e-08
2026-03-24,GLD,0.11009678509266323,0.1099409026752983,-0.00015588241736493036,3.897060434123259e-07
2026-03-24,DBC,0.0,0.0004253184578609533,0.0004253184578609533,1.0632961446523833e-06
2026-03-24,UUP,0.0794778936903421,0.07946030910977092,-1.7584580571175512e-05,4.396145142793878e-08
2026-03-24,__CASH__,0.6258986569418348,0.6258384432714073,-6.021367042752246e-05,1.5053417606880615e-07
2026-04-22,SPY,0.0008300588844097347,0.0008567824315241401,2.672354711440541e-05,6.680886778601352e-08
2026-04-22,QQQ,0.10147147101052904,0.10153072602105041,5.925501052136961e-05,1.4813752630342404e-07
2026-04-22,IWM,0.0,8.082371331915187e-05,8.082371331915187e-05,2.020592832978797e-07
2026-04-22,TLT,0.0016410374893323022,0.0015816878112056864,-5.934967812661583e-05,1.4837419531653957e-07
2026-04-22,IEF,0.08039245910139152,0.08034109879715289,-5.136030423863458e-05,1.2840076059658644e-07
2026-04-22,GLD,0.1099409026752983,0.10990227605966743,-3.862661563086567e-05,9.656653907716417e-08
2026-04-22,DBC,0.0004253184578609533,0.0005438348713713819,0.00011851641351042863,2.9629103377607155e-07
2026-04-22,UUP,0.07946030910977092,0.07941503688336525,-4.527222640567097e-05,1.1318056601417743e-07
2026-04-22,__CASH__,0.6258384432714073,0.6257477334113437,-9.070986006354254e-05,2.2677465015885634e-07
2026-05-20,SPY,0.0008567824315241401,0.0034006368129270493,0.002543854381402909,6.359635953507273e-06
2026-05-20,QQQ,0.10153072602105041,0.1244688585995301,0.02293813257847968,5.73453314461992e-05
2026-05-20,IWM,8.082371331915187e-05,3.402498721327743e-05,-4.679872610587444e-05,1.1699681526468609e-07
2026-05-20,TLT,0.0015816878112056864,0.0027808803333988817,0.0011991925221931953,2.9979813054829885e-06
2026-05-20,IEF,0.08034109879715289,0.07321798818021517,-0.007123110616937711,1.7807776542344276e-05
2026-05-20,GLD,0.10990227605966743,0.1241969902755378,0.014294714215870363,3.573678553967591e-05
2026-05-20,DBC,0.0005438348713713819,0.0032470500503778183,0.0027032151790064365,6.7580379475160904e-06
2026-05-20,UUP,0.07941503688336525,0.07318582513056915,-0.006229211752796102,1.5573029381990254e-05
2026-05-20,__CASH__,0.6257477334113437,0.5954677456302307,-0.03027998778111296,7.56999694527824e-05
