,Open,High,Low,Close,Volume
2022-01-03,101.08385951572932,101.17555569472201,99.72765212859038,100.45160391165619,7092424.0
2022-01-04,98.50144516415432,99.8604585775458,98.18699545382083,99.02372701568332,1483265.0
2022-01-05,99.56915629289314,100.79339410087496,99.42198739934791,100.10769075011143,3102104.0
2022-01-06,101.47389458395413,102.65631551056396,100.30254718467519,101.47943134761958,4534264.0
2022-01-07,98.83186452734087,100.31863749677342,97.22409753264202,98.77136751470772,3306346.0
2022-01-10,97.05243768995834,97.67908480340036,96.40491220143495,97.04199850241766,5603075.0
2022-01-11,97.18847636046787,98.13280822606302,96.45647702251358,97.2946426242883,2469564.0
2022-01-12,98.92910808221394,98.94982729727613,94.95391855685585,96.95187292706599,1100170.0
2022-01-13,97.01748998026541,97.31370047339362,96.73710067896485,97.02540057617924,2991157.0
2022-01-14,95.92408719547163,97.04792067323078,94.89520327631803,95.9715619747744,4765421.0
2022-01-17,97.01808191636063,98.84382725109323,95.68637623169494,97.26510174139408,1928345.0
2022-01-18,98.01863029270177,98.93896992999434,97.95272364005507,98.4458467850247,6248128.0
2022-01-19,98.72201792082532,98.95877213159815,98.37712843244763,98.66795028202289,783291.0
2022-01-20,100.1040972123013,100.84238548514952,99.88609344670155,100.36423946592554,1159185.0
2022-01-21,101.73771221035935,103.23184605279043,99.10885800696234,101.17035202987638,4160086.0
2022-01-24,99.91458319333965,100.32986699631438,99.89234229824903,100.1111046472817,4183252.0
2022-01-25,101.35074098181443,101.37237684564715,100.20996447093727,100.7911706582922,2705214.0
2022-01-26,99.59303626676797,99.87079019761957,99.34770811175866,99.60924915468911,2458188.0
2022-01-27,101.34742951256116,101.43529331913994,100.58426786694444,101.0097805930422,1174722.0
2022-01-28,101.05208533128118,102.57975159342665,99.66679743333353,101.1232745133801,5207886.0
2022-01-31,100.44448008476111,101.74209440101005,100.36116764306313,101.05163102203659,3277379.0
2022-02-01,101.14859450535967,101.62585167739901,98.94141109402831,100.28363138571366,1507006.0
2022-02-02,102.61695175820839,103.60959681468603,100.78810974833044,102.19885328150824,3418904.0
2022-02-03,103.2784428760018,104.12538327986505,100.24466046866587,102.18502187426546,7071949.0
2022-02-04,101.7531158866248,101.99696647680781,101.57052761914402,101.78374704797591,2476411.0
2022-02-07,102.03032436463049,103.43170613442327,99.56116211338782,101.49643412390554,6784154.0
2022-02-08,103.52004904980649,103.94381792549744,100.99629104676981,102.47005448613362,2459454.0
2022-02-09,103.35877657446098,103.75898924346176,102.6742096768195,103.21659946014063,1964626.0
2022-02-10,103.48608505524177,105.8558544704214,102.22305723619723,104.03945585330932,2472368.0
2022-02-11,105.54892348643475,106.90188961025471,102.89274954572379,104.89731957798925,2898208.0
2022-02-14,108.54004537146612,109.04353080125998,107.50919633065567,108.27636356595782,1520142.0
2022-02-15,109.92825348393853,110.10156181441353,105.70432827198157,107.90294504319755,4695917.0
2022-02-16,107.06427431800904,108.56233394653493,106.18101305944158,107.37167350298826,2967449.0
2022-02-17,106.16572657042036,107.8867402361692,104.89324730360485,106.38999376988703,5582823.0
2022-02-18,109.0029706191908,109.87960766151741,105.21359286872826,107.54660026512283,4038729.0
2022-02-21,109.49907958868656,110.49808024768623,108.47678424214251,109.48743224491437,3710060.0
2022-02-22,110.50356528549857,111.55772471288694,107.55600962669229,109.55686716978961,3902763.0
2022-02-23,108.43758333232819,109.41876829926562,107.60273617879707,108.51075223903135,1762780.0
2022-02-24,106.39620242821353,109.42947692495655,105.56299418098503,107.49623555297079,5547587.0
2022-02-25,109.45559891708827,110.23196996617423,107.18494187297306,108.70845591957365,1408230.0
2022-02-28,109.55845367130733,110.76864923275498,109.37577041420685,110.07220982348092,5606396.0
2022-03-01,110.45225588445231,112.28363317727103,109.99845728369195,111.1410452304815,7498404.0
2022-03-02,110.56919865744605,111.25703498809334,109.41383461584137,110.33543480196735,5895187.0
2022-03-03,111.11309034704382,111.3128015141334,110.52258662394078,110.91769406903708,3796394.0
2022-03-04,111.54681773128897,111.60770089680473,111.02957969398219,111.31864029539345,2838434.0
2022-03-07,111.4201099160251,112.87346948315086,110.8754868199713,111.87447815156108,6633215.0
2022-03-08,113.23918500343494,113.71954899365596,113.17937459345802,113.44946179355699,2448900.0
2022-03-09,114.56334280541853,114.61655900387055,113.40581602338145,114.011187513626,3980156.0
2022-03-10,113.98040629315813,117.1983321283783,113.39273409272091,115.29553311054961,5941937.0
2022-03-11,114.47047257705354,117.46848582820675,113.73186626395407,115.60017604608042,6972031.0
2022-03-14,115.44263949296479,118.20618008103085,114.30656748679691,116.25637378391387,6962501.0
2022-03-15,117.52261560659423,118.44502550163548,116.48498948671539,117.46500749417544,1296763.0
2022-03-16,116.99021375595474,117.52496467734649,112.96124797488496,115.24310632611572,6808190.0
2022-03-17,115.72042903995825,116.48394200895824,113.29538369932257,114.8896628541404,1475330.0
2022-03-18,114.50092171161899,114.80247212526518,113.76920771285138,114.28583991905829,4674437.0
2022-03-21,113.04717256097528,113.95906743711348,112.85349833847106,113.40628288779226,7021498.0
2022-03-22,112.59087322734925,114.89551539733974,111.30750379574518,113.10150959654246,5152682.0
2022-03-23,115.56339722921399,116.2216453518518,114.959654670653,115.5906500112524,7142952.0
2022-03-24,113.32511110135006,115.69240350381638,112.91576209402383,114.3040827989201,3041471.0
2022-03-25,114.80934056487986,118.48865020369952,113.42470849071042,115.95667934720497,2840078.0
2022-03-28,113.22843084010644,113.55451067589226,113.0830700376408,113.31879035676653,2918265.0
2022-03-29,112.67283604355792,113.13217665828716,112.60584677722998,112.86901171775858,3115121.0
2022-03-30,113.44551754305853,115.67153866035689,110.7221888016666,113.19686373101175,5343080.0
2022-03-31,114.82726454354253,115.7496562352401,112.62260584998783,114.18613104261397,3776661.0
2022-04-01,114.9227223344033,115.89666397312604,114.84949188160628,115.37307792736617,5714521.0
2022-04-04,116.60617112177701,119.02163085731475,114.36646169533144,116.69404627632309,3529899.0
2022-04-05,117.43867098448206,118.43069302837549,113.87572040196696,116.15320671517122,2792532.0
2022-04-06,116.14743563415479,116.88763542431843,113.95044972168392,115.41904257300118,1992307.0
2022-04-07,117.87463281186201,118.49830983305809,115.12575014356138,116.81202998830973,4447190.0
2022-04-08,116.40481785461975,117.36431364320717,115.62533856408703,116.4948261036471,6808952.0
2022-04-11,114.61978823039696,114.74338350443041,114.05461140992975,114.39899745718007,6540971.0
2022-04-12,111.74758650769677,114.12188367253505,110.99470979165349,112.55829673209428,2422491.0
2022-04-13,110.82970656344806,111.95076737971506,110.19688856289176,111.0738279713034,3947912.0
2022-04-14,110.69651224225778,113.50923051123314,110.09426382361535,111.80174716742424,5495852.0
2022-04-15,111.8328819296637,114.06583956942437,109.87261363498006,111.96922660220221,4864484.0
2022-04-18,112.92864026606246,113.25329287360485,112.71927204998293,112.98628246179389,1156658.0
2022-04-19,111.42568741724719,113.79652516856981,110.67319168822821,112.23485842839902,4719196.0
2022-04-20,112.7745170798071,113.14422253054465,111.65479175507244,112.39950714280855,963509.0
2022-04-21,112.46866716384476,115.4968544721258,111.08357302827056,113.29021375019819,1492193.0
2022-04-22,112.33397421573494,113.49331727028787,111.8990516515371,112.69618446091249,5145367.0
2022-04-25,112.11639749485866,114.91611674465182,111.6947519972858,113.30543437096881,1397321.0
2022-04-26,111.95576154739786,113.6007966250518,110.66940194543541,112.13509928524361,3005307.0
2022-04-27,111.00238073475418,112.54399661544343,110.33232136269731,111.43815898907037,4701299.0
2022-04-28,110.2587389566505,112.43069954780475,108.98711770526609,110.70890862653542,5157123.0
2022-04-29,107.76753155591913,110.51103494894208,106.9200747876824,108.71555486831224,3730969.0
2022-05-02,110.08019568879891,110.77088000861572,107.8546869362426,109.31278347242916,1339344.0
2022-05-03,110.04461748726777,110.30525778177862,106.58164694239066,108.44345236208464,6133910.0
2022-05-04,108.2971726486949,110.65371029155742,105.96004936932484,108.30687983044113,7158989.0
2022-05-05,109.19851708904592,110.00585261593743,107.74441855044513,108.87513558319128,6743295.0
2022-05-06,110.37664824635702,110.73384212674436,108.04469056062355,109.38926634368396,5789898.0
2022-05-09,110.48383832544526,110.4844187448269,109.98848752767064,110.23645313624877,3435090.0
2022-05-10,110.35436012953107,111.87679577969487,107.9375963313056,109.90719605550024,6658617.0
2022-05-11,110.1302651040665,110.42853024379289,107.72245424903024,109.07549224641157,4019589.0
2022-05-12,109.67465666816571,109.87663894754434,107.66656777846892,108.77160336300662,1627999.0
2022-05-13,106.25768180440066,106.42931794499218,105.60631451625905,106.01781623062561,6483723.0
2022-05-16,103.52780621591948,105.74048149343382,101.63585503054433,103.68816826198908,2877094.0
2022-05-17,100.74619194001862,102.59443741274852,100.58295183890637,101.58869462582744,7083171.0
2022-05-18,98.47788510482793,101.55853385777422,98.42841178690239,99.9934728223383,3204740.0
2022-05-19,100.35551229899349,100.87897591394915,99.87770535342274,100.37834063368594,6611884.0
2022-05-20,98.90632875275918,101.03059870819109,96.82982550764798,98.93021210791953,4352774.0
2022-05-23,98.13220875406056,98.78060944856537,97.68651639536427,98.23356292196482,3878283.0
2022-05-24,99.93092276400267,100.44755144028444,99.25118827083277,99.8493698555586,2718705.0
2022-05-25,99.377152958707,101.08091729833242,97.27649021689709,99.17870375761476,6382779.0
2022-05-26,101.39668378455781,102.05867238318606,98.00701120525378,100.03284179421992,1112289.0
2022-05-27,98.07445317974668,99.17130436049773,97.94074406236167,98.5560242114297,3888337.0
2022-05-30,97.49366198072353,99.22623081950779,96.99014550937491,98.10818816444134,3208372.0
2022-05-31,97.5866267322539,98.25357358863154,95.03153059926146,96.6425520939465,4395062.0
2022-06-01,97.33589801729414,97.90773437224891,94.1496863844011,96.028710378325,2430935.0
2022-06-02,97.92771004607036,97.937331189649,96.0784554799717,97.00789333481035,5219226.0
2022-06-03,95.38387523862097,95.68033070590303,93.34765173142972,94.51399121866638,3324264.0
2022-06-06,96.19537426403946,96.54734548888658,93.3505421223779,94.94894380563224,1979290.0
2022-06-07,94.54202067156717,96.71047133358009,93.54786044558789,95.12916588958399,2039324.0
2022-06-08,93.87971649588602,95.87053057092676,92.54329269316723,94.206911632047,5436235.0
2022-06-09,91.60256855256439,93.41044007615558,90.94038305791723,92.1754115670364,2480895.0
2022-06-10,92.23265066652489,92.52959206766289,91.77536055322047,92.15247631044168,2789320.0
2022-06-13,92.9692195400145,93.19373605542641,89.52484456169176,91.3592903085591,4963275.0
2022-06-14,91.00457191516517,93.32197323825115,89.78589465875177,91.55393394850147,2942530.0
2022-06-15,91.67256858189862,93.1284849221087,89.84197883548498,91.48523187879684,3339446.0
2022-06-16,93.2946947898876,93.82040184089138,93.07334091303858,93.44687137696498,2362454.0
2022-06-17,92.67493113257,93.61551059084115,92.48255536492353,93.04903297788233,3048607.0
2022-06-20,90.69618154276861,93.1848765034255,90.09261728982547,91.63874689662548,5410900.0
2022-06-21,91.600501478556,92.02647252745432,91.57430019708197,91.80038636226814,4330558.0
2022-06-22,93.80715157059075,94.00858358501907,90.0360730423304,92.02232831367473,7483229.0
2022-06-23,93.54661038462628,94.61469534374028,92.82596902601303,93.72033218487665,5948651.0
2022-06-24,95.80797993056517,96.32317689773089,93.2173188220275,94.77024785987919,814457.0
2022-06-27,95.88783002153531,97.08631880122311,93.32541631110747,95.20586755616529,3276302.0
2022-06-28,96.53484816919631,98.08771244043395,96.16603822118415,97.12687533080906,2670984.0
2022-06-29,94.96981264743442,96.28982161157715,94.68891375906686,95.48936768532201,4695132.0
2022-06-30,95.45921556543725,95.96355886110398,93.28105010517068,94.62230448313733,2506469.0
2022-07-01,92.79348037074487,94.66402406566586,92.12006447602373,93.39204427084479,7270177.0
2022-07-04,93.67025196786228,93.83429285709717,91.94256435857731,92.88842860783724,2735756.0
2022-07-05,90.19237620069786,92.3917976930941,89.8341660684636,91.11298188077885,4249464.0
2022-07-06,92.62311946984285,93.85039988051675,90.042415969943,91.94640792522988,1535797.0
2022-07-07,92.3472707323081,92.73352414675907,90.65158869644281,91.69255642160094,6886623.0
2022-07-08,89.56298013681607,90.37853006744919,89.31209431266922,89.8453121900592,6900581.0
2022-07-11,88.23782374057174,89.46214112546235,87.7706105363457,88.61637583090403,6096973.0
2022-07-12,89.87914208043709,89.94159721263097,88.18136126178392,89.06147923720744,3091074.0
2022-07-13,89.97499463915041,90.58800703719076,89.75443292525317,90.17121998122197,1099287.0
2022-07-14,92.69737451472633,93.25340484291559,92.27798653787075,92.76569569039317,5534568.0
2022-07-15,96.42967098411685,98.1506384303817,95.11801334716976,96.63432588877573,3617872.0
2022-07-18,96.8690587178219,98.14659113562838,96.43629414699843,97.29144264131341,7434551.0
2022-07-19,97.16699605498489,98.07568962412718,94.02280182987217,96.04924572699967,5448565.0
2022-07-20,93.64338057606227,93.93592257556247,92.65369089742171,93.29480673649209,4362711.0
2022-07-21,93.67075095895682,94.13456218875103,93.38850352788262,93.76153285831683,7409641.0
2022-07-22,93.88164788492543,94.40411457042079,91.23523394973384,92.8196742600773,6143198.0
2022-07-25,91.37074294686056,94.22440871648138,90.59805864280392,92.41123367964265,3816958.0
2022-07-26,91.06917127995311,92.45097901015576,91.06319579676087,91.75708740345831,828210.0
2022-07-27,91.7986077822243,92.27388196695259,91.16558436393741,91.71973316544499,1330941.0
2022-07-28,93.76500260712389,93.77131437151291,92.70553897901486,93.23842667526388,3717280.0
2022-07-29,92.52762887684199,94.76649689454013,92.43763148022612,93.60206418738312,4521662.0
2022-08-01,92.93826118210141,94.6230307780019,92.49580161356131,93.55941619578161,905033.0
2022-08-02,92.3988139076261,93.03774886444094,91.7096374454654,92.37369315495317,1560633.0
2022-08-03,90.54450517257098,90.64425597384432,90.11941546143008,90.3818357176372,5489207.0
2022-08-04,89.08171057986488,90.98744079095985,88.89543411039716,89.9414374506785,5810333.0
2022-08-05,89.65248402394168,91.96015392285956,88.1443435209225,90.05224872189103,902717.0
2022-08-08,93.15164474144163,93.85559264081253,91.07235599867224,92.46397431974238,4152203.0
2022-08-09,92.54014502134382,93.92972344589883,91.71862724462886,92.82417534526384,1250626.0
2022-08-10,94.04976247319036,94.69439871814963,93.8996931110053,94.29704591457747,5619333.0
2022-08-11,93.43704872493846,94.5013298241346,93.17842668026144,93.83987825219802,6371699.0
2022-08-12,92.3554763837644,93.21707411465944,91.75661821290863,92.48684616378404,6611660.0
2022-08-15,91.3751056940336,93.02176820865309,89.85865540773767,91.44021180819539,4767589.0
2022-08-16,91.9966403767429,92.48637937139648,88.9423121328801,90.71434575213829,4976846.0
2022-08-17,94.1534245648698,95.49531505134732,91.74437288954107,93.6198439704442,7000818.0
2022-08-18,93.51927772417957,94.76506465060734,90.74117966619731,92.75312215840232,4864587.0
2022-08-19,96.01711545863132,96.0863897034157,92.01450683393332,94.05044826867451,3734665.0
2022-08-22,92.72757619564749,95.03329032146101,91.11305158945841,93.0731709554597,5831078.0
2022-08-23,94.43344039313155,94.8209388144032,94.17147718528562,94.49620799984442,4717706.0
2022-08-24,95.6005973332616,95.67002054320946,94.76433934719968,95.21717994520456,6428694.0
2022-08-25,94.82909814806489,95.99085818469644,94.45031657562996,95.2205873801632,4267964.0
2022-08-26,95.949371459249,96.62236314142605,94.13150578190438,95.37693446166521,6609565.0
2022-08-29,94.90165880679488,95.08480720599,94.33856289570784,94.71168505084893,1005076.0
2022-08-30,94.05511543850331,97.31504437895764,93.70178171871366,95.50841304883565,947725.0
2022-08-31,95.0176056393811,96.46755870868088,93.74089698998546,95.10422784933317,1373462.0
2022-09-01,92.95179918060715,94.87594568981314,92.46907030533275,93.67250799757294,4482094.0
2022-09-02,91.88235663701059,92.67935604891191,91.70099216515997,92.19017410703594,5521036.0
2022-09-05,92.55224479922646,93.25380011853164,91.94534786097141,92.59957398975153,2170631.0
2022-09-06,94.62200216683361,95.32362976519211,94.33621500021802,94.82992238270506,1759084.0
2022-09-07,96.29873339596917,97.03820242383198,93.41227984405573,95.22524113394385,6550352.0
2022-09-08,96.30818300631302,96.54903755006393,93.94224864775508,95.24564309890951,5803667.0
2022-09-09,96.76868826979955,97.40002439677143,94.19981117686216,95.79991778681679,5109104.0
2022-09-12,97.3576570009896,98.49384912166437,96.94583834261005,97.7198437321372,4020900.0
2022-09-13,97.76735067886509,99.11078625785859,97.25998141559529,98.18538383672694,3557512.0
2022-09-14,97.29577540654284,98.76738171372614,96.79279123062479,97.78008647217546,839589.0
2022-09-15,98.19795763093944,101.157008851877,97.73598972092353,99.44649928640025,1979108.0
2022-09-16,101.74224147412444,101.93872608954436,98.44266007170168,100.19069308062302,6799550.0
2022-09-19,102.36235231526088,103.11443157356074,101.85667341834046,102.4855524959506,3005360.0
2022-09-20,101.70421008219657,105.0274382912697,100.74111932619877,102.88427880873424,5490889.0
2022-09-21,101.55834402707183,101.69536510419613,100.80172383437403,101.24854446928508,5485688.0
2022-09-22,99.02730717801249,101.40748128794978,97.44583764490486,99.42665946642731,2804070.0
2022-09-23,101.45204748513297,102.2396465932978,101.42338290746179,101.8315147503798,2089644.0
2022-09-26,103.87472683575491,105.15038780381067,103.62822547864232,104.3893066412265,5403333.0
2022-09-27,104.77004837429419,106.19345929361037,102.24775655692166,104.22060792526602,1336364.0
2022-09-28,104.07367295554232,104.32546860646003,103.1656262843721,103.74554744541607,4064795.0
2022-09-29,105.31320659459037,107.03048399176825,104.8541410208855,105.94231250632689,6738595.0
2022-09-30,105.32428051621626,105.51389631388516,103.21842811812724,104.3661622160062,5537039.0
2022-10-03,103.61371204291586,103.82589805460123,102.4018583866455,103.11387822062336,5896630.0
2022-10-04,105.26243535757168,105.77391468186926,102.40046877709518,104.08719172948221,1266219.0
2022-10-05,102.47420345475093,105.51747004738638,101.57714439884066,103.54730722311352,2058605.0
2022-10-06,101.75037395272051,105.58362063290458,101.54634630300767,103.56498346795613,2570667.0
2022-10-07,104.01050842160949,104.2512724687916,102.43523328474289,103.34325287676724,2687718.0
2022-10-10,103.32821108616572,105.14717135420301,102.52694538562908,103.83705836991604,2019753.0
2022-10-11,106.05422148759081,106.61653073123075,105.14097729397845,105.8787540126046,7310077.0
2022-10-12,106.37866845163262,106.7295772109624,105.26765910257824,105.99861815677032,1821690.0
2022-10-13,106.51457121450274,107.48864695898635,106.3712118192513,106.92992938911883,5515654.0
2022-10-14,105.03947625274161,105.98609233569117,101.6668325451735,103.82646244043234,4689910.0
2022-10-17,105.5102383216653,105.76226067433062,101.6635725544459,103.71291661438826,4851549.0
2022-10-18,103.25763477004172,104.23411240092601,100.63916529464181,102.43663884778391,2159639.0
2022-10-19,100.48235611469131,101.87157345740626,99.38539969328586,100.62848657534606,2791873.0
2022-10-20,100.20742724590075,100.49679600875655,98.15034453675695,99.32357027275674,4824188.0
2022-10-21,98.85210496401879,100.02795402924706,97.5396077135319,98.78378087138947,2734050.0
2022-10-24,100.590716156774,101.24038866672511,98.69493996688156,99.96766431680334,5419977.0
2022-10-25,98.69142656244003,99.06762959169185,96.9717215859389,98.01967558881537,968760.0
2022-10-26,98.1908565216145,98.41848146728091,97.51033247659483,97.96440697193786,1195179.0
2022-10-27,97.00982523520283,97.63462184200051,96.75727734326891,97.1959495926347,5653676.0
2022-10-28,95.08520464206542,98.67342899733552,94.60586730507423,96.63964815120487,4893962.0
2022-10-31,97.28379746151074,99.01944747938319,96.74067917511445,97.88006332724882,993591.0
2022-11-01,98.50537841684657,100.56812618527074,96.41877238706432,98.49344928616753,6813466.0
2022-11-02,100.21244991857277,100.73511921456067,99.67863060600308,100.20687491028187,733029.0
2022-11-03,100.06744877614902,101.1583234888115,98.54454622026167,99.85143485453658,7197756.0
2022-11-04,98.60759060486139,99.34272299228871,98.1274235699078,98.73507328109827,5660566.0
2022-11-07,98.67721698549056,98.97310203046962,97.5846783853242,98.27889020789691,7419351.0
2022-11-08,98.6736496090919,98.71813377689533,98.20591628930923,98.46202503310228,7152341.0
2022-11-09,98.33196019302565,98.98212604621081,98.11900713300606,98.55056658960844,2829254.0
2022-11-10,97.82794105557024,98.86633795144625,94.92520550395369,96.89577172769997,5844220.0
2022-11-11,97.15000468363871,97.67593344852172,96.04275706614796,96.85934525733484,2134204.0
2022-11-14,97.07038612413926,98.38080843618226,95.63307053189907,97.00693948404067,3907153.0
2022-11-15,99.55564477820421,101.3944067576428,99.12844189216506,100.26142432490393,2332735.0
2022-11-16,103.3309744153332,103.75204481838699,101.69571309279694,102.72387895559196,4005107.0
2022-11-17,102.49860888036807,102.59944034239555,100.03855769167671,101.31899901703613,6631920.0
2022-11-18,100.99163544247395,101.31358186303468,100.15618261263681,100.73488223783575,3665727.0
2022-11-21,100.28705930378733,100.6393477302585,96.35047005799933,98.49490889412891,1328279.0
2022-11-22,99.24220561952943,99.29884917090143,95.71715455598974,97.50800186344559,2907576.0
2022-11-23,97.28151234262451,99.41413048553447,96.122795718875,97.76846310220473,6048355.0
2022-11-24,99.56096264690751,100.37783523150021,98.11988673540485,99.24886098345253,4247656.0
2022-11-25,98.03841729203661,98.5602383799917,97.56830992275938,98.06427415137554,4509271.0
2022-11-28,98.92540282016945,98.97835450721597,95.018240484626,96.99829749592098,3631826.0
2022-11-29,93.24472375518658,94.74734644754136,93.08917422738352,93.91826033746244,2690896.0
2022-11-30,93.49865420072474,93.82871525251811,93.26702879660613,93.54787202456211,4767541.0
2022-12-01,92.61473846157388,92.81737387990134,91.18926956752684,92.00332172371408,5005001.0
2022-12-02,90.469434825146,92.80489118519289,89.54284685941249,91.17386902230268,6807216.0
2022-12-05,90.65992057683185,91.211490314914,88.61228600090901,89.9118881579115,4900913.0
2022-12-06,89.29859390697541,91.18192011959742,88.13059990431383,89.65626001195562,7466064.0
2022-12-07,88.81563284780792,88.8781238518768,85.75692271439529,87.31752328313604,6320723.0
2022-12-08,85.80820002832661,85.9323142100516,84.86668351190559,85.3994988609786,1235454.0
2022-12-09,87.11331255195108,89.62623227550672,86.02956282747638,87.82789755149155,3366768.0
2022-12-12,86.63008216131496,87.05602151861547,85.20255505441241,86.12928828651394,3315847.0
2022-12-13,84.29018576494163,85.95052354357217,83.44678507915596,84.69865431136407,720540.0
2022-12-14,86.8137337173623,86.95352123549209,86.59840354740001,86.77596239144604,1928802.0
2022-12-15,90.83299029260833,92.18035622932007,88.23514374341427,90.20774998636718,5882878.0
2022-12-16,89.07831187952651,89.30842675149233,87.95802374455951,88.63322524802592,3094419.0
2022-12-19,87.81796729052513,88.37504731138625,87.80400482146726,88.08952606642676,1705574.0
2022-12-20,87.87866260098576,89.41862684385231,87.44391398160126,88.43127041272678,2654816.0
2022-12-21,90.67436769042222,90.91320990323287,90.0841332661154,90.49867158467413,2567980.0
2022-12-22,89.23840691125655,89.63128498967312,88.73117274615112,89.18122886791211,1886852.0
2022-12-23,88.80489410942087,90.11710111009977,87.51555429832956,88.81632770421467,1388105.0
2022-12-26,88.94514697844262,90.61672270761976,88.84746641512888,89.73209456137432,5895717.0
2022-12-27,89.67522100007157,92.07895347245122,88.3906865948245,90.23482003363786,6306755.0
2022-12-28,90.27323347351813,90.47616803679996,88.97183214240904,89.7240000896045,4074763.0
2022-12-29,88.14069289149354,91.00796204256461,88.04929115388636,89.52862659822549,4885155.0
2022-12-30,87.58231381127071,88.77150048514235,86.80122535672999,87.78636292093617,6950869.0
2023-01-02,88.66701520851277,88.81288344141086,86.15356385586028,87.48322364863557,6430110.0
2023-01-03,86.05927415487119,88.37443449667984,85.93516218805294,87.15479834236639,921628.0
2023-01-04,87.94445185752676,88.445907595372,86.44244271378508,87.44417515457855,7180097.0
2023-01-05,85.89527062739648,88.60121302926386,84.95629332716547,86.77875317821467,1155450.0
2023-01-06,87.94144190702369,88.1478340590234,86.60056406107655,87.37419906004997,880690.0
2023-01-09,88.88592436388164,89.13554232352898,88.15253136404313,88.64403684378605,3442260.0
2023-01-10,89.94377027745345,90.25993053596966,87.49374889074045,88.87683971335505,5771800.0
2023-01-11,88.4023314083414,91.05369787043779,87.6721772844793,89.36293757745855,1245885.0
2023-01-12,89.50221469475038,89.73752104842718,89.23548837004232,89.48650470923475,2692326.0
2023-01-13,90.10190736935823,90.53648729358767,88.56765744201418,89.55207236780092,2486561.0
2023-01-16,87.82547689688643,90.48226327321176,86.9600765158133,88.72116989451253,3402192.0
2023-01-17,88.37918823835058,90.71101308159953,87.6797311271346,89.19537210436707,7405002.0
2023-01-18,87.32221077109317,91.11033367763633,87.2163643777481,89.16334902769222,2953618.0
2023-01-19,92.93738323580484,93.03364461288294,90.71323821971409,91.8734414162985,2120925.0
2023-01-20,94.60533086080866,95.43402741833023,92.57628674129474,94.00515707981248,1531739.0
2023-01-23,94.8378467933536,95.39306681962263,93.86957717633463,94.63132199797863,2047200.0
2023-01-24,94.70566173055079,95.71128677133102,91.78314493235588,93.74721585184345,1605340.0
2023-01-25,92.47472158899127,93.28219898847813,91.55824580591413,92.42022239719613,4600756.0
2023-01-26,94.02423523600685,95.67763001390604,92.52149044150478,94.09956022770541,3559443.0
2023-01-27,94.49715424404944,95.54510521614237,93.64135889277581,94.5932320544591,4086388.0
2023-01-30,95.73864300525885,96.64656207015338,94.12148398751152,95.38402302883246,6358597.0
2023-01-31,92.30464258723819,94.74531502391052,91.68860951840422,93.21696227115737,4646980.0
2023-02-01,95.48625682641456,95.74417137871704,93.44015542735096,94.59216340303401,1755153.0
2023-02-02,96.56459875159366,97.28779145911629,93.44608193955057,95.36693669933342,3261799.0
2023-02-03,93.77022977209454,95.04112043504507,93.087215817581,94.06416812631304,2825542.0
2023-02-06,93.84548367393444,95.02445072501233,92.22665038874489,93.62555055687861,6321984.0
2023-02-07,93.55922884206582,94.99033414959443,93.32426803661397,94.1573010931042,2787761.0
2023-02-08,95.32436411615491,95.37743616018463,93.45827365730675,94.4178549087457,1642347.0
2023-02-09,95.04754294864462,95.24520506476118,93.20970319272915,94.22745412874517,5704838.0
2023-02-10,94.64914146476127,94.71565762739844,93.86400539895213,94.28983151317529,3613069.0
2023-02-13,94.03813163077758,94.52037863409666,93.79827572909758,94.15932718159712,1351866.0
2023-02-14,93.60442589774192,96.01651611938625,93.113409872107,94.56496299574663,5390380.0
2023-02-15,95.8782902151253,98.18225680675557,95.25928646132577,96.72077163404067,2131478.0
2023-02-16,92.29027509446063,94.88563646481764,92.03358664318367,93.45961155400066,6604007.0
2023-02-17,93.18833242163002,93.58186062581572,93.13461325853471,93.35823694217521,6360729.0
2023-02-20,93.11217626305192,94.59843623209939,92.99806234878027,93.79824929043983,3213086.0
2023-02-21,94.94863055033946,94.96007455017761,93.83557050583097,94.39782252800428,4478048.0
2023-02-22,92.71053023390644,95.77171306832004,92.46569413017298,94.1187035992465,4560670.0
2023-02-23,90.71621222471141,93.78329454023472,90.24758145470864,92.01543799747168,5143303.0
2023-02-24,93.0644942311798,93.2864228745037,92.00170769448005,92.64406528449187,1170151.0
2023-02-27,95.32522733837328,96.55118530688249,93.63056733105692,95.0908763189697,2908965.0
2023-02-28,93.4939895949838,93.68699995527734,92.83139232826368,93.2591961417705,1858169.0
2023-03-01,94.77717560467057,95.30107659470819,93.88162919714856,94.59135289592837,5442975.0
2023-03-02,94.70540761823806,94.81154295947346,93.91075446308558,94.36114871127953,1170139.0
2023-03-03,94.68240498726828,95.20642022377875,93.75699236666091,94.48170629521982,4215327.0
2023-03-06,93.35158800971126,94.73309250438642,91.84215917819866,93.28762584129254,5649590.0
2023-03-07,93.84337154384598,94.92348149740604,91.16331160340945,93.04339655040775,7148966.0
2023-03-08,94.86457267884768,95.49934024667827,94.35066264628641,94.92500144648234,2658807.0
2023-03-09,95.50780894496653,97.11824373060051,94.65556489122599,95.88690431091325,754217.0
2023-03-10,98.29504372778446,99.97416455226342,96.81998298007927,98.39707376617135,5621467.0
2023-03-13,98.80936129850748,102.31337547125209,98.09312532095831,100.2032503961052,710517.0
2023-03-14,101.8518289488104,102.43539843833547,99.56672394703169,101.00106119268358,1151508.0
2023-03-15,103.29184085684376,104.38022532881196,102.90803536693853,103.64413034787525,7435357.0
2023-03-16,103.40596469809755,105.9718030250154,102.94057567588666,104.45618935045103,6565325.0
2023-03-17,105.38486993447975,106.72646149558429,104.94633072961622,105.83639611260026,5511269.0
2023-03-20,107.11540080161852,107.83301676031671,103.28912612310626,105.56107144171148,6381605.0
2023-03-21,105.4561934423175,106.87277439306439,104.75783905288476,105.81530672297457,1212389.0
2023-03-22,105.54362869710465,106.57859874201117,103.28199222913071,104.93029548557094,1304715.0
2023-03-23,106.7097690514591,106.78516276262175,106.26010170520583,106.52263223391378,2745637.0
2023-03-24,104.01145300121675,105.94653509795698,103.84832863891886,104.89743186843792,861544.0
2023-03-27,107.26504041057049,108.23807258151454,104.09708010235379,106.16757634193416,6740526.0
2023-03-28,105.41858534490541,107.50341287879986,104.49211208033958,105.99776247956973,1082763.0
2023-03-29,107.17502778136466,109.01310631590306,106.66675578136952,107.83993104863629,4399472.0
2023-03-30,109.9235568178377,111.32959156079464,106.8100116590454,109.06980160992002,6504685.0
2023-03-31,113.68773986815745,114.07303979003781,109.80158196267857,111.93731087635818,5697907.0
2023-04-03,112.77018431722044,114.11750812850539,112.20635845189626,113.16193329020084,2295983.0
2023-04-04,110.93766422067883,112.16869582314683,109.31357494901316,110.74113538607999,3898267.0
2023-04-05,110.14628917917426,112.00097809030015,109.38935037444446,110.6951642323723,4428258.0
2023-04-06,109.09938388347325,110.52132047457448,107.33107904291984,108.92619975874716,5921875.0
2023-04-07,108.4009651270587,109.11124001485297,107.23289151411036,108.17206576448166,3598460.0
2023-04-10,110.65420079102825,111.24695793066174,109.72575964223336,110.48635878644755,2638245.0
2023-04-11,112.04614980642627,113.74622900501234,109.23019021167492,111.48820960834362,6109573.0
2023-04-12,108.75256057754812,112.6633272508392,108.14179261897102,110.40255993490511,6728058.0
2023-04-13,109.62527754325048,110.88375122842474,106.7772589830143,108.83050510571952,4024508.0
2023-04-14,109.68558071607531,111.21267767633785,106.51752430655353,108.86510099144569,890541.0
2023-04-17,107.64570704874073,108.79349129119892,105.1774191691517,106.9854552301753,4104493.0
2023-04-18,104.38463413326647,107.77751692625365,104.11321744531305,105.94536718578335,6747181.0
2023-04-19,106.16894447457955,108.19901427170925,104.5290714904961,106.36404288110266,7425825.0
2023-04-20,107.80243971674737,109.28513341976527,106.77619628421185,108.03066485198856,3427040.0
2023-04-21,107.88569545180644,110.09916362736404,107.67553939918767,108.88735151327586,1720880.0
2023-04-24,104.92269630228391,106.03728710780149,104.60397327533178,105.32063019156664,4590707.0
2023-04-25,105.50334014499688,107.26362295034322,104.11484810008956,105.68923552521639,6348786.0
2023-04-26,106.10666030231735,106.52987544705604,104.88372402068276,105.7067997338694,7126033.0
2023-04-27,105.82223921679577,106.98212207244556,105.46183736688836,106.22197971966696,1051898.0
2023-04-28,109.50145783198452,110.00839618790671,107.03078627125923,108.51959122958297,2675735.0
2023-05-01,105.3672325143759,106.34259031285035,104.19517922246646,105.2688847676584,3948011.0
2023-05-02,104.62411746101218,104.94275329437947,103.61276717433836,104.27776023435891,1368131.0
2023-05-03,104.90899116339664,106.93857994829345,103.09060988743856,105.014594917866,6727076.0
2023-05-04,102.55276353401818,104.52618167222383,100.58569568268146,102.55593867745264,1462756.0
2023-05-05,104.6726610432497,105.09834633283569,103.97894850476457,104.53864741880014,5223454.0
2023-05-08,105.12588601002462,105.1583885832532,104.7071481604074,104.93276837183029,6946680.0
2023-05-09,106.01023032350679,106.95019090996702,105.10055718807443,106.02537404902073,5359459.0
2023-05-10,105.1280915131341,106.90517756333914,103.13491242942187,105.0200449963805,5889806.0
2023-05-11,106.46179746251708,108.04751291239914,104.0633336359384,106.05542327416877,2490557.0
2023-05-12,107.71819410227236,107.98712957407523,106.96255440797162,107.47484199102342,6326794.0
2023-05-15,106.04005217915822,109.53449946892233,105.76953846816093,107.65201896854163,3546308.0
2023-05-16,107.84286109890665,108.29344625677193,107.36308600245563,107.82826612961378,1116984.0
2023-05-17,108.01700843618869,109.11508461563244,106.99691647526215,108.0560005454473,3192751.0
2023-05-18,108.54134702304654,108.9080964774958,104.22509346870112,106.56659497309846,3078914.0
2023-05-19,106.15551166885307,106.78482952371849,105.54232995598952,106.163579739854,4245813.0
2023-05-22,105.71902535719349,106.29020702467142,105.21591000033636,105.7530585125039,2500826.0
2023-05-23,107.16231063478263,107.24620877167752,105.02668201381107,106.13644539274429,3843149.0
2023-05-24,107.28367665382466,108.98290497801749,105.89015737690552,107.4365311774615,3610193.0
2023-05-25,104.26333046806116,107.83901708416562,103.47371535084552,105.65636621750558,2922908.0
2023-05-26,103.9983145390549,107.56279568836982,103.01094466305379,105.28687017571181,5434356.0
2023-05-29,106.9926978036841,107.65141227414678,106.92340011873064,107.28740619643871,2777268.0
2023-05-30,105.48125859665181,106.48965366107205,105.48068537224559,105.98516951665881,5907311.0
2023-05-31,104.33017616490761,106.44689957265597,102.72063033672966,104.58376495469281,2405799.0
2023-06-01,105.12113653466733,105.47933087897187,103.92707593384505,104.70320340640846,6581154.0
2023-06-02,106.7393683699021,107.84989804131251,103.68333198833174,105.76661501482212,3182321.0
2023-06-05,104.10168289649037,107.22314669232074,103.99799728501768,105.61057198866921,976736.0
2023-06-06,107.47007286577883,107.86144833459909,106.95130901202023,107.40637867330966,1719602.0
2023-06-07,107.12729930073215,110.5509114180418,106.50273380661189,108.52682261232684,6182549.0
2023-06-08,110.1753690641933,110.24678444365895,109.03478721672802,109.64078583019348,6630309.0
2023-06-09,109.5611551314877,111.48477699433882,109.17449474337762,110.32963586885822,2141463.0
2023-06-12,114.14363063103211,115.25173003534097,112.2838248432766,113.76777743930879,4794411.0
2023-06-13,112.81202532933284,114.6462154918192,111.92390234799343,113.28505891990632,4605556.0
2023-06-14,110.4482257791243,111.68764187380957,108.22982276983085,109.95873232182021,1609747.0
2023-06-15,111.99405652288947,113.98108593759086,110.60029737522792,112.2906916564094,3773567.0
2023-06-16,112.70170953662186,113.87171698992681,109.00392571311122,111.437821351519,5418243.0
2023-06-19,110.16099176695315,113.93266598021458,109.03006377945044,111.48136487983251,7276455.0
2023-06-20,114.54310931757514,114.80655911955397,112.01009395036799,113.40832653496098,6464131.0
2023-06-21,110.75402573165174,111.18622542111994,110.32146344867606,110.753844434898,1365268.0
2023-06-22,109.63554019598475,110.51358386429519,106.91366996242279,108.71362691335898,2315242.0
2023-06-23,107.78683534608267,108.47403864781977,103.90090910073977,106.18747387427976,3669637.0
2023-06-26,105.80444164981783,105.80649834689326,104.05072208804496,104.92861021746911,1724084.0
2023-06-27,104.85207231314185,106.69010554389719,104.32167185405497,105.50588869897608,4580678.0
2023-06-28,105.74514051767095,107.33514119698647,105.10546266101565,106.22030192900107,758597.0
2023-06-29,106.41910875537978,106.90297775227417,106.25744632828865,106.58021204028141,1471948.0
2023-06-30,103.66566328563789,106.0435830146967,102.8176608211859,104.4306219179413,1021302.0
2023-07-03,101.17297710294567,101.93788918311822,100.10600690005822,101.02194804158822,2709316.0
2023-07-04,102.84873273708355,102.87197470077851,99.28385478645677,101.07791474361764,5883309.0
2023-07-05,102.23409437196962,102.27048689392592,98.5271369685041,100.39881193121501,1905451.0
2023-07-06,101.1422232962668,102.90420738223736,99.18086753178281,101.04253745701008,7412867.0
2023-07-07,102.3362810123307,103.09753211063604,100.98864434969563,102.04308823016584,2532886.0
2023-07-10,102.87860450968796,103.12005106180207,101.39579561943573,102.2579233406189,1005186.0
2023-07-11,104.89277048176574,105.12816161194384,101.61834695995502,103.37325428594943,2981353.0
2023-07-12,102.63452087191939,105.61246893369874,101.87198307907941,103.74222600638907,5786882.0
2023-07-13,104.62989955064896,105.79574940702882,103.32289034833695,104.55931987768288,1425234.0
2023-07-14,104.95474961455083,105.6425475431721,101.52801170971605,103.58527962644408,1188662.0
2023-07-17,103.19295504209353,103.8958312327129,102.8871080906797,103.3914696616963,6475537.0
2023-07-18,103.50787068906243,105.7840559594494,101.72082494896384,103.75244045420662,4726503.0
2023-07-19,105.43028941109502,105.4421352795904,104.61829828642435,105.03021678300738,3034067.0
2023-07-20,105.06199952528209,105.07785332910537,104.01763248509918,104.54774290710228,5841311.0
2023-07-21,106.50129964113302,106.75224541845108,104.07957257217605,105.41590899531357,6441412.0
2023-07-24,105.349259730382,105.4912546895953,104.78674566885736,105.13900017922633,3142589.0
2023-07-25,104.94177825480787,105.41124525417919,104.76890486395138,105.09007505906528,4516035.0
2023-07-26,106.36661993015032,106.65728376839404,106.22930192352452,106.44329284595928,774356.0
2023-07-27,103.72142702018326,104.72774774600545,102.50490130364739,103.61632452482642,2781700.0
2023-07-28,102.09968793716241,103.66524169064878,100.10086758326938,101.88305463695909,4747287.0
2023-07-31,99.92457109792434,100.19107074906212,99.65214017155856,99.92160546031033,2040284.0
2023-08-01,97.21228250066729,98.27072261645331,95.35755571245708,96.8141391644552,7440463.0
2023-08-02,95.72858595834533,97.82714198477909,94.28034853715768,96.05374526096838,7303772.0
2023-08-03,97.48534589603523,97.74677218380229,96.70451001109652,97.2256410974494,2451798.0
2023-08-04,96.85068911738921,97.4891025614202,96.53117117331563,97.01013686736792,3395268.0
2023-08-07,96.82228438819881,99.32920093836476,95.58374988001377,97.45647540918927,1988540.0
2023-08-08,97.76217932590552,100.9567497024077,97.29650061499586,99.12662515870178,4126861.0
2023-08-09,100.35674543394622,102.45429267813306,99.86883869975922,101.16156568894614,1542696.0
2023-08-10,102.57005788735304,103.12661492873941,99.4033053630272,101.26496014588331,3358447.0
2023-08-11,103.34720115399317,103.78860394864604,102.99144173871896,103.3900228436825,4475738.0
2023-08-14,103.17962143693882,104.76392935573527,102.71206842932301,103.73799889252915,4860544.0
2023-08-15,103.63390620859371,104.4625058177177,101.01946004130527,102.74098292951149,4755826.0
2023-08-16,102.18522437234049,102.83637871701626,101.37645317940684,102.10641594821155,2205651.0
2023-08-17,98.57594112577343,101.9202018079061,98.50366074399722,100.21193127595166,6087441.0
2023-08-18,98.7459235089062,100.38463592929361,97.98759082706255,99.18611337817808,5403892.0
2023-08-21,97.82230036530669,100.5908292081218,97.22687587912856,98.90885254362519,5820898.0
2023-08-22,100.59527679454249,101.37444690579308,99.11025433593085,100.24235062086196,3881405.0
2023-08-23,102.44886263913047,103.84483269016778,101.91927431557075,102.88205350286927,6769282.0
2023-08-24,100.56086251917482,101.76809960047349,100.47701043628813,101.12255501838081,3351034.0
2023-08-25,101.34674557447426,102.53472135144077,101.2776906039391,101.90620597768994,6179254.0
2023-08-28,100.93081821421909,102.36470891790891,98.93658488138429,100.6506468996466,2083998.0
2023-08-29,101.11966557211603,101.98951921624989,101.10034973834944,101.54493447729966,2381416.0
2023-08-30,101.84832946321156,101.96260009885559,101.20688134625591,101.58474072255575,4281864.0
2023-08-31,98.8276026094291,99.75361172220481,98.65722768908218,99.2054197056435,4479966.0
2023-09-01,100.8301389698477,101.26654628169081,100.15731910851565,100.71193269510323,5774268.0
2023-09-04,99.87247214084694,101.92449907204154,98.22923040379408,100.07686473791782,2722401.0
2023-09-05,99.42900692679389,100.53489241767373,98.54998976959499,99.54244109363435,6634022.0
2023-09-06,96.42557744996658,100.40357121268626,96.11787684105492,98.26072402687059,2942540.0
2023-09-07,97.84356033488409,98.02615740517602,97.1004329267554,97.56329516596571,4332446.0
2023-09-08,99.50992631273995,99.82694755172857,96.86267822525386,98.34481288849122,7037221.0
2023-09-11,97.22354524468868,99.35690999293718,97.19978087064354,98.27834543179036,4367932.0
2023-09-12,98.29272946272691,99.89475537546919,97.94438520637085,98.91957029092002,5336892.0
2023-09-13,101.17484440218402,101.54817254712017,97.66321502132753,99.60569378422386,6878648.0
2023-09-14,101.84417765931065,103.81397877861335,99.44156325850113,101.62777101855724,7327214.0
2023-09-15,99.93814130662092,103.28929943036965,99.34657687766313,101.31793815401639,4095968.0
2023-09-18,99.0484820333152,99.97493190331492,98.81281602922401,99.39387396626947,3535005.0
2023-09-19,101.24715002790455,101.68798919079875,100.39145587288903,101.03972253184388,2039129.0
2023-09-20,101.41195110278217,102.2502374942194,99.20395247679265,100.72709498550603,4354575.0
2023-09-21,102.6057471667063,103.24442956933623,101.65000833419126,102.44721895176374,6944701.0
2023-09-22,104.70063160671192,104.86197666112905,101.41823119158305,103.14010392635605,4012384.0
2023-09-25,103.07024167953973,104.46053483826456,101.71257448437967,103.08655466132213,3069650.0
2023-09-26,103.17787437021975,105.06743270350373,102.36701468960108,103.71722369655241,1429551.0
2023-09-27,106.5793541468442,108.65050900162205,104.68860150151151,106.66955525156678,2309573.0
2023-09-28,109.38491312760866,111.66617332304509,108.1035618708085,109.8848675969268,7341654.0
2023-09-29,109.94535384937535,110.37769800913514,109.82025471487944,110.09897636200729,4287927.0
2023-10-02,110.14383171154076,110.77375577371699,110.11348345009786,110.44361961190742,1631510.0
2023-10-03,111.73039662709387,113.76993856365652,110.62146484920136,112.19570170642893,1158145.0
2023-10-04,111.4963961701114,112.2471464784083,109.64570979867197,110.94642813854014,6485055.0
2023-10-05,110.75777432174088,112.33502564942748,110.72814701014543,111.53158632978646,7033941.0
2023-10-06,111.40813391588847,112.7059984395796,110.39177804279993,111.54888824118976,5888423.0
2023-10-09,112.6401672184645,114.00944874820514,110.16305073848969,112.08624974334742,1542137.0
2023-10-10,111.26869471658866,112.86888450421557,108.76157786852302,110.81523118636929,1368341.0
2023-10-11,109.16788210251596,109.80809686529696,106.94169758428714,108.37489722479205,2046269.0
2023-10-12,105.87901105508273,106.26617597697785,104.22287673218685,105.24452635458235,5807728.0
2023-10-13,103.92781115857882,104.37069033306614,102.8344845869089,103.60258745998752,5904184.0
2023-10-16,101.9148143661281,104.21219942896514,101.65158957211875,102.93189450054194,6397366.0
2023-10-17,102.45189027211845,103.34455155378896,101.64417165854269,102.49436160616582,1359154.0
2023-10-18,105.53875625719482,106.6475662735881,103.85173502668115,105.24965065013463,1741852.0
2023-10-19,105.99999787650673,108.50414693385741,105.18490471231297,106.84452582308519,6821891.0
2023-10-20,105.04023575372234,105.71037957866234,105.01045258805183,105.3604160833571,7015461.0
2023-10-23,105.70131958375914,106.0334650157841,105.60566840150216,105.81956670864312,5634766.0
2023-10-24,105.0940488710992,105.81003351440839,104.49655472133605,105.15329411787222,1421059.0
2023-10-25,104.30454841344729,106.74467204111814,102.58113363091641,104.66290283601727,1166621.0
2023-10-26,103.84226548467089,106.4193574899087,103.28928503223912,104.8543212610739,1077991.0
2023-10-27,106.04741773180736,106.24926448655583,105.0996937453106,105.67447911593322,5404560.0
2023-10-30,106.84656701291837,107.15586449469613,102.9937918689651,105.07482818183061,6452576.0
2023-10-31,105.80930019825702,107.74906750427336,105.32026487067023,106.5346661874718,4995074.0
2023-11-01,105.75370738482025,105.92365264179745,103.51058587428965,104.71711925804354,2482295.0
2023-11-02,102.51758273229733,106.77317581675986,102.44019147587814,104.606683646319,5849976.0
2023-11-03,108.57794108360689,108.62977675932137,107.93898006619418,108.28437841275777,1102084.0
2023-11-06,109.10275932064086,109.16850537147268,107.80082498767379,108.48466517957324,6331745.0
2023-11-07,109.03750498855273,112.03253775217165,109.00096893646244,110.51675334431704,6764805.0
2023-11-08,110.84829209240901,111.15781416313558,109.85170752020362,110.50476084166961,5584783.0
2023-11-09,112.87485516972481,112.97821709114962,109.50951319168823,111.24386514141892,6678997.0
2023-11-10,111.55554348489775,111.68675703697056,110.2923187152135,110.98953787609203,4685998.0
2023-11-13,110.96881462088905,110.99461035880896,110.11390431966959,110.55425733923927,3884878.0
2023-11-14,109.2409335941548,109.84376334274978,108.50317793027403,109.17347063651191,2892750.0
2023-11-15,108.68778395406476,110.80140221495496,108.50858631375948,109.65499426435721,6967622.0
2023-11-16,108.58515985100676,108.764626422823,107.56986167092924,108.16724404687612,5441460.0
2023-11-17,109.11054509036006,109.50567664248935,108.48247502799248,108.99407583524092,1995362.0
2023-11-20,110.95190572402319,112.58661781241699,108.34351374335745,110.46506577788722,7207406.0
2023-11-21,110.68797368148783,111.7741605810506,109.91025045146685,110.84220551625872,1102592.0
2023-11-22,110.35192302372111,111.22156973401309,109.19043481979175,110.20600227690241,4695148.0
2023-11-23,110.4761601928564,111.0581812600003,110.3705546499986,110.71436795499945,1995693.0
2023-11-24,110.52504043573035,111.04893564127015,109.03573478424829,110.04233521275921,5217545.0
2023-11-27,110.60089992870536,112.10306369690852,110.47907248048685,111.29106808869768,3506036.0
2023-11-28,108.95005680886126,109.78130715638767,106.70509996553564,108.24320356096165,3672470.0
2023-11-29,108.00485151649347,108.2032553398634,106.88951046434086,107.54638290210214,5266491.0
2023-11-30,104.24960988985148,106.42618269629246,102.30022331933614,104.36320300781429,5841621.0
2023-12-01,102.04161353968504,104.10084205971492,99.89978924568126,102.00031565269809,3284289.0
2023-12-04,103.61986768712423,104.19038856636952,103.36088475902945,103.77563666269948,7484138.0
2023-12-05,105.31215080238081,105.33873076918678,104.4684382271791,104.90358449818294,4089611.0
2023-12-06,103.88371844992254,104.12202853946592,103.22906509086916,103.67554681516754,1790647.0
2023-12-07,100.94680070064238,102.78716225701082,99.87063583582784,101.32889904641932,743510.0
2023-12-08,96.68524623351946,97.39567991246858,96.53474918296776,96.96521454771818,2076355.0
2023-12-11,95.05375405745332,97.91024993384471,94.25004852464338,96.08014922924404,5399437.0
2023-12-12,99.07215894938571,100.88922631287089,97.49966670909635,99.19444651098362,4368176.0
2023-12-13,101.28006658391708,101.4906468899516,97.8240189849813,99.65733293746645,2997247.0
2023-12-14,99.31927931578022,99.97665467163198,97.50395833900767,98.74030650531982,3973352.0
2023-12-15,98.01404689533294,101.43085856322351,97.07688029294835,99.25386942808593,6399249.0
2023-12-18,97.1619591018551,97.24048885346912,96.68131493298851,96.96090189322881,4586674.0
2023-12-19,96.20698146753514,97.40937378774585,95.4756437594888,96.44250877361733,1095055.0
2023-12-20,97.0445761729599,97.28713989623171,95.65126658912098,96.46920324267634,1033703.0
2023-12-21,95.20927167831957,98.27081430385941,94.23343991055971,96.25212710720956,3977943.0
2023-12-22,97.53667219542521,98.54046955076157,95.90817562373422,97.2243225872479,3449079.0
2023-12-25,99.11607890647296,99.37551913972352,95.83751341103229,97.60651627537791,6483409.0
2023-12-26,98.18254662338566,98.97251725054872,97.90801886770197,98.44026805912534,4664252.0
2023-12-27,98.23035035083902,99.52104052166953,95.31784307356429,97.41944179761691,5846661.0
2023-12-28,99.7310819950772,99.76103148561276,97.40045818880965,98.58074483721121,4679301.0
2023-12-29,99.9372815805627,101.9699462518921,99.57689165734489,100.77341895461849,3047898.0
2024-01-01,97.60510311911376,101.48485358751374,97.22886387974886,99.3568587336313,5169870.0
2024-01-02,98.41234803631777,99.02684271742082,97.14076041644381,98.08380156693232,4925714.0
2024-01-03,99.57061599338377,100.88315170018478,98.89525655077249,99.88920412547864,5597468.0
2024-01-04,98.43175435327066,100.9654869119817,98.23739270746289,99.6014398097223,1986838.0
2024-01-05,101.5252479924589,102.01128949510247,101.0849569113933,101.54812320324788,5062520.0
2024-01-08,101.34884712270326,101.76738677536912,100.0675906176221,100.91748869649561,2641195.0
2024-01-09,102.72178283953436,103.58521136606252,102.37741225887322,102.98131181246788,6073653.0
2024-01-10,103.05049663244601,103.60843483733832,102.76937087024399,103.18890285379115,6129968.0
2024-01-11,104.97377866213237,105.59149186816279,101.5881813909485,103.58983662955565,4948372.0
2024-01-12,105.95554175781895,107.35689446526406,104.43697220347588,105.89693333436998,7137547.0
2024-01-15,106.07215587319561,106.37630214012087,104.44236639604723,105.40933426808405,4355052.0
2024-01-16,103.96543836063123,105.13780347209675,103.0201321222425,104.07896779716962,870937.0
2024-01-17,104.48955545432844,104.59302593784317,102.39268911697415,103.49285752740866,4822135.0
2024-01-18,104.68587101436384,105.75321664960867,102.69671865783329,104.22496765372098,5988336.0
2024-01-19,100.41760591187622,104.12228394340066,99.9319510887073,102.02711751605398,1388114.0
2024-01-22,104.67098533394045,105.16007201546603,100.9037026783978,103.03188734693191,1411283.0
2024-01-23,102.33744103097735,103.36521615585077,101.3528702056202,102.35904318073548,2557464.0
2024-01-24,103.47578018526592,105.01029885452067,103.22256780429947,104.11643332941007,6440879.0
2024-01-25,99.97856129687791,101.86019401409,99.63948020871112,100.74983711140055,4286318.0
2024-01-26,100.26800134690333,101.10089268726512,98.4353509406609,99.768121813963,7339790.0
2024-01-29,96.5548649818988,98.64316555838157,96.45101742993178,97.54709149415667,6636313.0
2024-01-30,95.9325402327368,98.02321042230129,95.09266386026863,96.55793714128495,4472869.0
2024-01-31,96.1228598165203,98.30784939539006,95.76779120201519,97.03782029870263,5317550.0
2024-02-01,96.85107512932109,97.76295052921665,96.13146264839772,96.94720658880719,2950812.0
2024-02-02,96.61504423279267,97.62540488982265,95.9001984277736,96.76280165879813,1314774.0
2024-02-05,96.75329873058429,97.638516714166,95.78707485309471,96.71279578363036,3411416.0
2024-02-06,96.9931623276963,97.53807917336005,96.78163230120607,97.15985573728305,4727469.0
2024-02-07,95.48835865311287,96.47695361605066,95.45563183741528,95.96629272673297,1938909.0
2024-02-08,97.46314041257381,98.69590576586394,95.49901536802713,97.09746056694554,2207818.0
2024-02-09,97.94442459786383,99.14746070235549,97.22654311247038,98.18700190741293,801960.0
2024-02-12,99.10025008044424,99.53415186611086,98.28968573358064,98.91191879984575,5691312.0
2024-02-13,98.8479956766661,101.20790449778785,98.56028711593099,99.88409580685942,6816118.0
2024-02-14,98.83380120284458,102.22589383302545,98.78641427089042,100.50615405195794,6326597.0
2024-02-15,103.20944649015031,104.32265036726633,102.84174660407928,103.5821984856728,3283979.0
2024-02-16,103.51126182467442,105.60003250139314,101.75651352523055,103.67827301331185,4735502.0
2024-02-19,103.0076083059803,105.58410220960569,101.33195708050461,103.45802964505515,7233468.0
2024-02-20,103.48213490385186,104.02503792075072,101.16309627635216,102.59406709855145,4721265.0
2024-02-21,100.95816544068725,102.8974291393506,99.78045544178994,101.33894229057027,2712035.0
2024-02-22,99.81814161111123,100.10414092709415,99.49506001207446,99.7996004695843,3002421.0
2024-02-23,99.16793960556204,100.84717780099102,96.7160520697041,98.78161493534756,5644499.0
2024-02-26,97.97433456931279,99.8801862103731,97.93179855533785,98.90599238285547,3734500.0
2024-02-27,99.65313955876113,101.63084626337945,97.55197877657585,99.59141251997765,6393678.0
2024-02-28,99.46551448530987,101.24287358333827,98.53004711912456,99.8864603512314,6575936.0
2024-02-29,99.00692545589307,99.24677935389795,98.83232339778107,99.03955137583951,943669.0
2024-03-01,100.28557875257675,100.78670458918494,100.22972024132757,100.50821241525625,5618578.0
2024-03-04,102.66924588959317,103.35921451253593,100.18226258334671,101.77073854794132,3215724.0
2024-03-05,102.95936561243607,103.11472914380522,100.41724654222222,101.76598784301372,4234324.0
2024-03-06,100.81151027116206,101.31159411020512,100.80012035382448,101.0558572320148,2500597.0
2024-03-07,102.39630974626492,103.76874832669799,100.3258361210186,102.04729222385829,3203980.0
2024-03-08,103.5602862498135,104.48246055662715,100.57752242433105,102.5299914904791,2946585.0
2024-03-11,100.14576167181966,101.86327906375566,99.46180309074617,100.66254107725092,1042582.0
2024-03-12,101.42558524422004,101.91005436892526,99.62960315351776,100.76982876122152,6022845.0
2024-03-13,101.39470594567247,101.55188808007053,101.12435022125953,101.33811915066502,1672450.0
2024-03-14,101.78228431606213,102.0341599884027,98.47847066205149,100.25631532522709,3255429.0
2024-03-15,101.5444740970049,101.57743254674507,99.84233792073196,100.70988523373852,2012571.0
2024-03-18,97.06982802608758,100.77563358374687,96.90596249293873,98.8407980383428,3239008.0
2024-03-19,100.75735447354839,101.8167251060735,99.90816322212113,100.86244416409733,6947607.0
2024-03-20,102.92280027154015,104.16162960557705,101.42698073725145,102.79430517141425,7120176.0
2024-03-21,102.05992476545126,103.35673472966654,101.83689918345647,102.59681695656151,3295561.0
2024-03-22,103.10092014099693,103.8154169665097,102.73890412669368,103.27716054660169,4135043.0
2024-03-25,101.65003006543087,101.69323540904699,98.19554984866176,99.94439262885437,7402750.0
2024-03-26,97.32878507606952,99.64039132118936,97.29064766422923,98.46551949270929,2296913.0
2024-03-27,98.0710479236921,99.43970372108345,96.93983956560427,98.18977164334386,7124010.0
2024-03-28,98.25087529177,98.90021738174961,94.77335902041503,96.83678820108233,1419100.0
2024-03-29,97.18276034409777,99.99916705633119,95.83349338038101,97.9163302183561,2235808.0
2024-04-01,100.68030374169304,102.68388466893943,98.83233687859665,100.75811077376804,3000477.0
2024-04-02,99.74188437477748,99.76693838521246,98.62574678776534,99.1963425864889,952172.0
2024-04-03,98.05243247741689,99.48334384530078,96.7584376380017,98.12089074165124,6246968.0
2024-04-04,97.09930703293129,100.44939880627535,96.59463649284399,98.52201764955967,6516828.0
2024-04-05,99.95547894841862,101.76980926124907,99.85652081604456,100.81316503864682,3306730.0
2024-04-08,99.50430117107159,99.54783578741979,98.75025640674957,99.14904609708468,6387424.0
2024-04-09,98.69603625233067,101.35915901258598,97.7318682131562,99.54551361287109,5953039.0
2024-04-10,102.13496347813269,103.31356116750811,100.93704994967953,102.12530555859382,6149557.0
2024-04-11,98.71110048339207,101.12271029657849,98.47054434788159,99.79662732223004,6158393.0
2024-04-12,97.7055029194823,100.15109599587755,95.9078153429261,98.02945566940183,4599679.0
2024-04-15,98.64684999420903,98.83955064637229,96.08252820202719,97.46103942419974,1453581.0
2024-04-16,96.75924513383468,97.77022321228063,95.73846180069725,96.75434250648894,6979707.0
2024-04-17,98.71617856230559,98.76927573366166,96.9297659260072,97.84952082983443,4838886.0
2024-04-18,97.67562915569405,99.1820460133637,97.14954562160895,98.16579581748633,6828597.0
2024-04-19,95.70629598745701,96.12052267127213,95.28446917656437,95.70249592391825,7221853.0
2024-04-22,97.60088952698786,98.08533421052144,94.63657351931012,96.36095386491579,1972705.0
2024-04-23,95.35534405193256,97.33259148120113,93.74898320378047,95.5407873424908,3434538.0
2024-04-24,96.86672567461378,97.94351653197876,96.44903771527771,97.19627712362824,2008958.0
2024-04-25,96.83661887812133,97.06137822559697,95.50621536346489,96.28379679453093,1046419.0
2024-04-26,94.95028936862172,97.21775393915647,93.5012723266447,95.35951313290059,7271563.0
2024-04-29,96.02314112435438,96.24655831491526,95.77046992973703,96.00851412232615,6978458.0
2024-04-30,98.09891486485634,98.15539522737134,95.74920418564123,96.95229970650628,7035846.0
2024-05-01,96.78144657541961,98.56928708454586,96.3716180046101,97.47045254457798,6708930.0
2024-05-02,94.47565050065707,96.57478077043241,93.57001096944053,95.07239586993647,5111660.0
2024-05-03,95.21337182584529,96.1901671042297,95.1820500315743,95.68610856790201,4250561.0
2024-05-06,93.8776869295363,95.6381873993346,92.74340010573583,94.19079375253521,7442022.0
2024-05-07,93.8471044135634,95.28669010220226,93.48679529670761,94.38674269945493,4455321.0
2024-05-08,92.86305225018837,93.7128588111953,91.05692335120919,92.38489108120226,5068533.0
2024-05-09,92.67289266110627,93.09880972982346,92.5785602701575,92.83868499999048,2139839.0
2024-05-10,92.02105349436003,92.6907894782882,90.6312499702566,91.66101972427239,5777615.0
2024-05-13,89.35346282055056,91.00120189824102,88.76402049146238,89.8826111948517,6272265.0
2024-05-14,90.4815820171477,91.21644326550705,90.07673859120395,90.6465909283555,5313988.0
2024-05-15,90.68224301536318,91.24902426505372,90.37857886581344,90.81380156543358,4090480.0
2024-05-16,90.11462574369924,90.40842100587858,89.37118507468027,89.88980304027943,2045502.0
2024-05-17,91.51635651765426,92.38424717571104,90.75743231635231,91.57083974603168,930369.0
2024-05-20,90.75584568772248,91.21267527638744,90.49742742751988,90.85505135195366,4965709.0
2024-05-21,92.08415594039859,92.64441144172861,88.84290623225206,90.74365883699033,5344501.0
2024-05-22,91.06326454091625,91.8494999614642,90.01271320824044,90.93110658485232,5953784.0
2024-05-23,89.04972569894757,91.62189976232482,88.35011789527353,89.98600882879917,7163374.0
2024-05-24,91.97840868274392,92.3666646707083,88.48055762469131,90.4236111476998,4082056.0
2024-05-27,89.48876866082651,89.91452609767266,89.26683821666019,89.59068215716643,6338223.0
2024-05-28,87.6851822759117,90.25444112715317,87.58097211807241,88.9177066226128,5570780.0
2024-05-29,90.4394166975986,92.21583844818859,88.70095412322958,90.45839628570909,2584947.0
2024-05-30,87.99981264893113,90.28928099183464,87.67591745685958,88.98259922434711,6446820.0
2024-05-31,85.34719811145239,86.73020907339229,84.9141223750096,85.82216572420094,1062610.0
2024-06-03,88.06948553395907,88.54013628748741,86.67904103784237,87.60958866266489,4772452.0
2024-06-04,90.4048626808312,90.83290240099078,90.34047719177389,90.58668979638233,7094389.0
2024-06-05,90.62044085145206,91.06109601116698,88.77856828962906,89.91983215039802,5180950.0
2024-06-06,89.00115345827194,89.24217128338151,85.42211318206208,87.3321422327218,7072026.0
2024-06-07,87.20164953500547,88.64813843707219,84.9718819913331,86.81001021420265,1081877.0
2024-06-10,86.42544818718652,86.56586313550625,86.08107320103402,86.32346816827014,4320424.0
2024-06-11,86.55113088359805,87.34467693641498,84.57404511448645,85.95936102545072,6008163.0
2024-06-12,85.15826044066462,85.16802572845613,83.81023515925155,84.48913044385384,5067758.0
2024-06-13,84.50978819055489,86.75658391821712,83.34439517787423,85.05048954804568,6687647.0
2024-06-14,85.3868971566521,85.80262909447391,85.30602132857794,85.55432521152593,3845680.0
2024-06-17,83.71405256780972,85.38058822396476,81.9146520873995,83.64762015568213,5341701.0
2024-06-18,84.462294482682,85.93877001095854,82.77546004477688,84.3571150278677,3554404.0
2024-06-19,86.43340149843559,87.05333678121222,86.29923788790613,86.67628733455918,6630414.0
2024-06-20,86.84539981308414,87.06004638268307,86.5052472220499,86.78264680236649,1512249.0
2024-06-21,84.70899234211294,87.88915430188304,84.66342984387389,86.27629207287846,2428015.0
2024-06-24,86.39129302414085,86.45494189734984,85.57498244161252,86.01496216948118,1357919.0
2024-06-25,86.15450036113197,87.77327061592139,85.57213703305767,86.67270382448953,5474282.0
2024-06-26,82.91484518862386,86.21207043113138,82.77903353354408,84.49555198233773,2282578.0
2024-06-27,83.73649772670333,85.7511581661915,83.49193845477333,84.62154831048242,2856536.0
2024-06-28,83.66285789068912,84.93364764520246,83.26100796719768,84.09732780620007,6389157.0
2024-07-01,85.79373737757592,87.15852020039259,85.27889698393233,86.21870859216246,3149242.0
2024-07-02,85.69832454997233,86.24078698408734,85.67992258946653,85.96035478677693,1691659.0
2024-07-03,87.09777611041564,89.80660510535766,86.04771093555404,87.92715802045585,842599.0
2024-07-04,86.0985595308403,87.24574345352238,85.82430466210505,86.53502405781371,2241550.0
2024-07-05,87.09890363658415,87.72621565895273,86.71666762287452,87.22144164091362,6919860.0
2024-07-08,87.43894626768012,88.27058146755815,86.91796019114423,87.59427082935119,4430575.0
2024-07-09,85.92642495745177,88.36122915178719,84.67766983665065,86.51944949421892,7464863.0
2024-07-10,86.61749926847227,87.07050832342894,86.39646405395465,86.7334861886918,2162892.0
2024-07-11,86.8128716358972,89.91976004404144,86.50660486011424,88.21318245207785,3090057.0
2024-07-12,86.48167734159759,89.24823436878266,86.41014340901746,87.82918888890006,1809805.0
2024-07-15,84.82241627971439,87.3683245364192,84.17750628111763,85.77291540876841,3408980.0
2024-07-16,86.73109243745745,87.62948789915407,83.93771330351888,85.78360060133647,4530550.0
2024-07-17,86.30714593614877,86.33649511055303,83.14297762549675,84.7397363680249,6195276.0
2024-07-18,85.89015784383737,86.14186486544989,82.62019771227298,84.38103128886144,3203034.0
2024-07-19,84.34301829076723,84.72258143660243,83.95699457863441,84.33978800761842,5946412.0
2024-07-22,82.4827127847374,83.86482332622334,80.91270678089509,82.38876505355923,4957883.0
2024-07-23,80.20827943156768,81.63498434298263,79.55347493651969,80.59422963975116,2684324.0
2024-07-24,81.78561026737003,82.25816894122624,80.16776152558346,81.21296523340486,6902996.0
2024-07-25,81.55496549493125,82.31352363898242,79.08895526598661,80.70123945248451,3652867.0
2024-07-26,79.04231923494736,79.56236009121784,76.22293461609189,77.89264735365487,1726753.0
2024-07-29,79.84500694724446,80.11023462375536,77.57205955927789,78.84114709151663,7246352.0
2024-07-30,79.12077783442194,80.16594774482385,78.31821766204267,79.24208270343325,6911348.0
2024-07-31,79.02392156502957,79.43151255693932,77.68312870630466,78.55732063162199,1036881.0
2024-08-01,77.68176936450536,77.97260501139755,76.47036463310192,77.22148482224974,6836931.0
2024-08-02,77.96470461373912,78.9637359357939,77.51908952821441,78.24141273200415,7142168.0
2024-08-05,79.41219284096366,79.52174000953123,77.97353985777552,78.74763993365337,6337795.0
2024-08-06,81.25326690431109,81.81353221559029,81.19490465021973,81.504218432905,2433977.0
2024-08-07,82.41157139436548,82.41491169922472,81.83204495911676,82.12347832917074,4992744.0
2024-08-08,83.5015526777404,84.17085243507687,81.25970525573439,82.71527884540562,4360038.0
2024-08-09,81.93952104020515,83.5769299931682,81.77108857639008,82.67400928477915,4916997.0
2024-08-12,84.31556619278466,85.50290214029334,82.04903841713158,83.77597027871246,4891818.0
2024-08-13,83.54851937828042,85.87828353335959,83.4660713881222,84.6721774607409,5046646.0
2024-08-14,86.4510168165959,86.5582848492974,86.09152270310045,86.32490377619892,4195205.0
2024-08-15,86.1355980562876,86.31319555182925,85.42864489988646,85.87092022585786,5395369.0
2024-08-16,85.63323151025801,86.04919897483242,85.00297615895562,85.52608756689402,4280924.0
2024-08-19,86.44069421710155,86.96504949865414,83.30180570070436,85.13342759967925,812078.0
2024-08-20,85.81667787131815,86.80868381162392,85.70904125035753,86.25886253099073,939917.0
2024-08-21,87.76896593035595,89.34293855532667,87.16917187668479,88.25605521600572,7215029.0
2024-08-22,87.57064430976936,89.70450501814403,86.06200103950536,87.8832530288247,6882903.0
2024-08-23,85.82950138672962,89.4418964676235,85.66932575747758,87.55561111255054,4682105.0
2024-08-26,88.07472585974322,88.72904243148876,87.5432221184873,88.13613227498803,1887208.0
2024-08-27,87.90731936108642,88.29313860163946,87.76806197392683,88.03060028778314,6013967.0
2024-08-28,89.30462473292182,89.85535302270232,88.9484535624081,89.40190329255522,1674374.0
2024-08-29,86.74219232892172,87.06814547842049,86.5011692359855,86.78465735720299,3265516.0
2024-08-30,86.36024466572923,86.48263382552408,85.46769959241321,85.97516670896864,2943046.0
2024-09-02,84.70240867108603,86.3654305150761,84.0862538355349,85.2258421753055,784301.0
2024-09-03,83.96483797356677,84.320483215602,80.97345033444762,82.64696677502481,6187669.0
2024-09-04,81.56033028277892,82.75591873745172,80.67311737831314,81.71451805788243,4166195.0
2024-09-05,80.44203472886802,82.02016925830559,79.67242653941143,80.84629789885851,2850518.0
2024-09-06,80.79585913271023,81.28118617287763,80.30563080612193,80.79340848949977,4148892.0
2024-09-09,81.98082391634149,83.70546852104863,80.7434681450738,82.22446833306122,700005.0
2024-09-10,81.54272986608747,83.29358048904886,80.93593795330617,82.11475922117752,3671527.0
2024-09-11,81.10709487425687,82.662520148831,79.53490983193373,81.09871499038236,4233149.0
2024-09-12,80.01132711794911,82.90074553515565,79.49420896240987,81.19747724878276,3010075.0
2024-09-13,82.33097949928957,83.28945426536615,81.8104864350247,82.54997035019542,6346588.0
2024-09-16,81.62128024573609,81.89131546828438,81.26941509985178,81.58036528406808,2398817.0
2024-09-17,80.60128999275742,81.2183841625688,80.16638477132351,80.69238446694615,1637207.0
2024-09-18,82.03676109355314,82.34538945048598,80.5926919938413,81.46904072216364,4287305.0
2024-09-19,80.53052769463376,83.05993255879483,79.65689351733803,81.35841303806643,6733481.0
2024-09-20,82.97157035903594,83.0191288566499,81.4458248012348,82.23247682894235,3251891.0
2024-09-23,83.16585604687279,83.78333759281706,80.91503890111525,82.34918824696616,1017051.0
2024-09-24,84.28255875592428,84.3517048871189,82.21802430375985,83.28486459543937,7295536.0
2024-09-25,82.51439270791516,82.6649054588275,81.73503058340681,82.19996802111716,3721224.0
2024-09-26,81.80442697241634,82.9926636313625,81.6076046542297,82.30013414279611,1875905.0
2024-09-27,82.23053930784691,83.40275970880151,80.92731808757355,82.16503889818753,4886181.0
2024-09-30,80.04210277979874,82.11710469977037,79.61716708013067,80.86713588995052,2873725.0
2024-10-01,79.7284517928662,80.03635508615999,78.34246275558068,79.18940892087033,7076983.0
2024-10-02,80.12181815854399,80.5593225343606,79.50721923265934,80.03327088350997,2698931.0
2024-10-03,79.09753474885223,81.0278969655655,78.40708314468385,79.71749005512469,4440922.0
2024-10-04,79.00994552508064,79.06949337204857,78.22365562413962,78.6465744980941,4394502.0
